frame,x,y
0,90,240
1,93,241
2,96,242
3,99,243
4,102,244
5,105,245
6,108,246
7,111,247
8,115,248
9,118,248
10,121,249
11,124,250
12,127,251
13,130,252
14,133,253
15,136,254
16,139,255
17,142,256
18,145,257
19,148,257
20,151,258
21,154,259
22,157,260
23,161,261
24,164,262
25,167,262
26,170,263
27,173,264
28,176,265
29,179,266
30,182,266
31,185,267
32,188,268
33,191,269
34,194,269
35,197,270
36,200,271
37,203,271
38,207,272
39,210,273
40,213,273
41,216,274
42,219,275
43,222,275
44,225,276
45,228,276
46,231,277
47,234,277
48,237,278
49,240,278
50,243,279
51,246,279
52,249,280
53,253,280
54,256,281
55,259,281
56,262,281
57,265,282
58,268,282
59,271,282
60,274,283
61,277,283
62,280,283
63,283,284
64,286,284
65,289,284
66,292,284
67,295,284
68,299,285
69,302,285
70,305,285
71,308,285
72,311,285
73,314,285
74,317,285
75,320,285
76,323,285
77,326,285
78,329,285
79,332,285
80,335,285
81,338,285
82,341,285
83,345,284
84,348,284
85,351,284
86,354,284
87,357,284
88,360,283
89,363,283
90,366,283
91,369,282
92,372,282
93,375,282
94,378,281
95,381,281
96,384,281
97,387,280
98,391,280
99,394,279
100,397,279
101,400,278
102,403,278
103,406,277
104,409,277
105,412,276
106,415,276
107,418,275
108,421,275
109,424,274
110,427,273
111,430,273
112,433,272
113,437,271
114,440,271
115,443,270
116,446,269
117,449,269
118,452,268
119,455,267
120,458,266
121,461,266
122,464,265
123,467,264
124,470,263
125,473,262
126,476,262
127,479,261
128,483,260
129,486,259
130,489,258
131,492,257
132,495,257
133,498,256
134,501,255
135,504,254
136,507,253
137,510,252
138,513,251
139,516,250
140,519,249
141,522,248
142,525,248
143,529,247
144,532,246
145,535,245
146,538,244
147,541,243
148,544,242
149,547,241
150,550,240
151,548,239
152,547,237
153,545,236
154,543,234
155,542,233
156,540,231
157,538,230
158,537,228
159,535,227
160,533,225
161,532,224
162,530,222
163,528,221
164,527,220
165,525,218
166,523,217
167,522,215
168,520,214
169,518,212
170,517,211
171,515,209
172,513,208
173,512,207
174,510,205
175,508,204
176,507,202
177,505,201
178,503,200
179,502,198
180,500,197
181,498,195
182,497,194
183,495,193
184,493,191
185,492,190
186,490,188
187,488,187
188,487,186
189,485,184
190,483,183
191,482,182
192,480,180
193,478,179
194,477,178
195,475,176
196,473,175
197,472,174
198,470,173
199,468,171
200,467,170
201,465,169
202,463,167
203,462,166
204,460,165
205,458,164
206,457,163
207,455,161
208,453,160
209,452,159
210,450,158
211,448,157
212,447,155
213,445,154
214,443,153
215,442,152
216,440,151
217,438,150
218,437,149
219,435,147
220,433,146
221,432,145
222,430,144
223,428,143
224,427,142
225,425,141
226,423,140
227,422,139
228,420,138
229,418,137
230,417,136
231,415,135
232,413,134
233,412,133
234,410,132
235,408,131
236,407,130
237,405,129
238,403,128
239,402,128
240,400,127
241,398,126
242,397,125
243,395,124
244,393,123
245,392,123
246,390,122
247,388,121
248,387,120
249,385,119
250,383,119
251,382,118
252,380,117
253,378,117
254,377,116
255,375,115
256,373,115
257,372,114
258,370,113
259,368,113
260,367,112
261,365,112
262,363,111
263,362,110
264,360,110
265,358,109
266,357,109
267,355,108
268,353,108
269,352,107
270,350,107
271,348,106
272,347,106
273,345,106
274,343,105
275,342,105
276,340,104
277,338,104
278,337,104
279,335,103
280,333,103
281,332,103
282,330,102
283,328,102
284,327,102
285,325,102
286,323,102
287,322,101
288,320,101
289,318,101
290,317,101
291,315,101
292,313,100
293,312,100
294,310,100
295,308,100
296,307,100
297,305,100
298,303,100
299,302,100
300,300,100
301,301,101
302,303,102
303,304,103
304,306,104
305,307,105
306,309,106
307,310,107
308,312,107
309,313,108
310,315,109
311,316,110
312,317,111
313,319,112
314,320,113
315,322,114
316,323,115
317,324,116
318,326,117
319,327,118
320,328,119
321,330,120
322,331,121
323,332,121
324,334,122
325,335,123
326,336,124
327,338,125
328,339,126
329,340,127
330,341,128
331,342,129
332,343,130
333,345,131
334,346,132
335,347,133
336,348,134
337,349,135
338,350,135
339,351,136
340,352,137
341,353,138
342,354,139
343,355,140
344,356,141
345,357,142
346,357,143
347,358,144
348,359,145
349,360,146
350,361,147
351,361,148
352,362,149
353,363,149
354,363,150
355,364,151
356,365,152
357,365,153
358,366,154
359,366,155
360,367,156
361,367,157
362,367,158
363,368,159
364,368,160
365,368,161
366,369,162
367,369,163
368,369,163
369,369,164
370,370,165
371,370,166
372,370,167
373,370,168
374,370,169
375,370,170
376,370,171
377,370,172
378,370,173
379,370,174
380,370,175
381,369,176
382,369,177
383,369,177
384,369,178
385,368,179
386,368,180
387,368,181
388,367,182
389,367,183
390,367,184
391,366,185
392,366,186
393,365,187
394,365,188
395,364,189
396,363,190
397,363,191
398,362,191
399,361,192
400,361,193
401,360,194
402,359,195
403,358,196
404,357,197
405,357,198
406,356,199
407,355,200
408,354,201
409,353,202
410,352,203
411,351,204
412,350,205
413,349,205
414,348,206
415,347,207
416,346,208
417,345,209
418,343,210
419,342,211
420,341,212
421,340,213
422,339,214
423,338,215
424,336,216
425,335,217
426,334,218
427,332,219
428,331,219
429,330,220
430,328,221
431,327,222
432,326,223
433,324,224
434,323,225
435,322,226
436,320,227
437,319,228
438,317,229
439,316,230
440,315,231
441,313,232
442,312,233
443,310,233
444,309,234
445,307,235
446,306,236
447,304,237
448,303,238
449,301,239
