timestamp,elapsed_s,frame_number,ground_truth_x,ground_truth_y,detected_x,detected_y,tracked_x,tracked_y,pixel_error,tracking_state,pan_deg,tilt_deg,processing_time_ms,fps,ground_truth_in_fov,lock_retained
2026-09-17T06:23:05.271138+00:00,0.03326779999770224,0,44.0,240.0,44.0,240.0,44.0,240.0,0.0,ACQUIRING,0.0,0.0,33.25389999372419,0.0,True,False
2026-09-17T06:23:05.274816+00:00,0.03694780000660103,1,48.0,240.0,48.0,240.0,48.0,240.0,0.0,TRACKING,-0.16666666666666666,0.0,3.070299993851222,271.73912977767696,True,True
2026-09-17T06:23:05.306743+00:00,0.06887240000651218,2,78.66666666666666,240.0,78.0,240.0,78.0,240.0,0.6666666666666572,TRACKING,-0.3333333333333333,0.0,1.9342000014148653,31.323806719670195,True,True
2026-09-17T06:23:05.339960+00:00,0.10209580000082497,3,109.33333333333333,240.0,109.0,240.0,109.0,240.0,0.3333333333333286,TRACKING,-0.5,0.0,1.6490999987581745,30.0992673889843,True,True
2026-09-17T06:23:05.373250+00:00,0.1353811000008136,4,140.0,240.0,140.0,240.0,140.0,240.0,0.0,TRACKING,-0.6666666666666666,0.0,1.5341999969678,30.04329238433607,True,True
2026-09-17T06:23:05.407403+00:00,0.1695352999959141,5,170.66666666666666,240.0,170.0,240.0,170.0,240.0,0.6666666666666572,TRACKING,-0.8333333333333333,0.0,2.1182999917073175,29.278975942737713,True,True
2026-09-17T06:23:05.441876+00:00,0.2040086000051815,6,201.33333333333331,240.0,201.0,240.0,201.0,240.0,0.3333333333333144,TRACKING,-0.9999999999999999,0.0,3.44770000083372,29.007956874774724,True,True
2026-09-17T06:23:05.474198+00:00,0.23633149999659508,7,231.99999999999997,240.0,231.0,240.0,231.0,240.0,0.9999999999999716,TRACKING,-1.1666666666666665,0.0,2.5661999970907345,30.93781808766061,True,True
2026-09-17T06:23:05.506447+00:00,0.26858269999502227,8,262.66666666666663,240.0,262.0,240.0,262.0,240.0,0.6666666666666288,TRACKING,-1.3333333333333333,0.0,1.5814999933354557,31.006598205609954,True,True
2026-09-17T06:23:05.539578+00:00,0.3017106000042986,9,293.3333333333333,240.0,293.0,240.0,293.0,240.0,0.3333333333333144,TRACKING,-1.5,0.0,1.5980000025592744,30.186036534763264,True,True
2026-09-17T06:23:05.573554+00:00,0.33568689999810886,10,324.0,240.0,324.0,240.0,324.0,240.0,0.0,TRACKING,-1.475,0.0,2.0317999878898263,29.432280742228514,True,True
2026-09-17T06:23:05.608106+00:00,0.3702400000038324,11,324.0,240.0,324.0,240.0,324.0,240.0,0.0,TRACKING,-1.4500000000000002,0.0,2.875499994843267,28.94096332411145,True,True
2026-09-17T06:23:05.639890+00:00,0.40202409999619704,12,324.0,240.0,324.0,240.0,324.0,240.0,0.0,TRACKING,-1.4250000000000003,0.0,1.7211999947903678,31.462272024069446,True,True
2026-09-17T06:23:05.673177+00:00,0.43531220000295434,13,324.00000000000006,240.0,324.0,240.0,324.0,240.0,5.684341886080802e-14,TRACKING,-1.4000000000000004,0.0,1.5420999989146367,30.04076531243914,True,True
2026-09-17T06:23:05.706321+00:00,0.46845670000766404,14,324.00000000000006,240.0,324.0,240.0,324.0,240.0,5.684341886080802e-14,TRACKING,-1.3750000000000004,0.0,1.6005999932531267,30.170918247609833,True,True
2026-09-17T06:23:05.740214+00:00,0.5023490000021411,15,324.00000000000006,240.0,324.0,240.0,324.0,240.0,5.684341886080802e-14,TRACKING,-1.3500000000000005,0.0,2.256499996292405,29.505226855744677,True,True
2026-09-17T06:23:05.774581+00:00,0.536677600000985,16,324.0000000000001,240.0,324.0,240.0,324.0,240.0,1.1368683772161603e-13,TRACKING,-1.3250000000000006,0.0,3.0980000010458753,29.13022960545081,True,True
2026-09-17T06:23:05.806464+00:00,0.5685995999956504,17,324.0000000000001,240.0,324.0,240.0,324.0,240.0,1.1368683772161603e-13,TRACKING,-1.3000000000000007,0.0,1.6740999999456108,31.326358002854274,True,True
2026-09-17T06:23:05.839697+00:00,0.6018282000004547,18,324.0000000000001,240.0,324.0,240.0,324.0,240.0,1.1368683772161603e-13,TRACKING,-1.2750000000000008,0.0,1.6858000017236918,30.094557094051993,True,True
2026-09-17T06:23:05.873680+00:00,0.6358143999968888,19,324.0000000000001,240.0,324.0,240.0,324.0,240.0,1.1368683772161603e-13,TRACKING,-1.2500000000000009,0.0,2.222700000857003,29.423707272508267,True,True
2026-09-17T06:23:05.907036+00:00,0.6691690000006929,20,324.0000000000001,240.0,324.0,240.0,324.0,240.0,1.1368683772161603e-13,TRACKING,-1.225000000000001,0.0,1.9973000016761944,29.980872200114838,True,True
2026-09-17T06:23:05.941314+00:00,0.7034419999981765,21,324.00000000000017,240.0,324.0,240.0,324.0,240.0,1.7053025658242404e-13,TRACKING,-1.200000000000001,0.0,2.9205000028014183,29.177486653442163,True,True
2026-09-17T06:23:05.973182+00:00,0.7353175000025658,22,324.00000000000017,240.0,324.0,240.0,324.0,240.0,1.7053025658242404e-13,TRACKING,-1.1750000000000012,0.0,1.6845000063767657,31.372056904591236,True,True
2026-09-17T06:23:06.006662+00:00,0.7687980000046082,23,324.00000000000017,240.0,324.0,240.0,324.0,240.0,1.7053025658242404e-13,TRACKING,-1.1500000000000012,0.0,1.7204000032506883,29.868132194531075,True,True
2026-09-17T06:23:06.039686+00:00,0.8018203999963589,24,324.0000000000002,240.0,324.0,240.0,324.0,240.0,2.2737367544323206e-13,TRACKING,-1.1250000000000013,0.0,1.7004999972414225,30.282474933675587,True,True
2026-09-17T06:23:06.074281+00:00,0.8364149999979418,25,324.0000000000002,240.0,324.0,240.0,324.0,240.0,2.2737367544323206e-13,TRACKING,-1.1000000000000014,0.0,2.5043000059667975,28.90624548207654,True,True
2026-09-17T06:23:06.108285+00:00,0.8704163999937009,26,324.0000000000002,240.0,324.0,240.0,324.0,240.0,2.2737367544323206e-13,TRACKING,-1.0750000000000015,0.0,3.2306000066455454,29.410553686751907,True,True
2026-09-17T06:23:06.139971+00:00,0.9021060999948531,27,324.0000000000002,240.0,324.0,240.0,324.0,240.0,2.2737367544323206e-13,TRACKING,-1.0500000000000016,0.0,1.5252000011969358,31.555994533354376,True,True
2026-09-17T06:23:06.173002+00:00,0.9351376999984495,28,324.0000000000002,240.0,324.0,240.0,324.0,240.0,2.2737367544323206e-13,TRACKING,-1.0250000000000017,0.0,1.6236999945249408,30.274040612356732,True,True
2026-09-17T06:23:06.207042+00:00,0.9691756999964127,29,324.0000000000003,240.0,324.0,240.0,324.0,240.0,2.8421709430404007e-13,TRACKING,-1.0000000000000018,0.0,2.3922999971546233,29.378929433569514,True,True
2026-09-17T06:23:06.240953+00:00,1.0030887000029907,30,324.0000000000003,240.0,324.0,240.0,324.0,240.0,2.8421709430404007e-13,TRACKING,-0.9750000000000018,0.0,2.2551000001840293,29.487217285584734,True,True
2026-09-17T06:23:06.274666+00:00,1.0367987000063295,31,324.0000000000003,240.0,324.0,240.0,324.0,240.0,2.8421709430404007e-13,TRACKING,-0.9500000000000017,0.0,3.040700001292862,29.664787893828404,True,True
2026-09-17T06:23:06.307151+00:00,1.0692831000051228,32,324.0000000000003,240.0,324.0,240.0,324.0,240.0,2.8421709430404007e-13,TRACKING,-0.9250000000000017,0.0,2.250300007290207,30.784007093778694,True,True
2026-09-17T06:23:06.340082+00:00,1.1022171000076924,33,324.0000000000003,240.0,324.0,240.0,324.0,240.0,2.8421709430404007e-13,TRACKING,-0.9000000000000017,0.0,1.6459000034956262,30.36375781629865,True,True
2026-09-17T06:23:06.373534+00:00,1.1356694999994943,34,324.0000000000003,240.0,324.0,240.0,324.0,240.0,2.8421709430404007e-13,TRACKING,-0.8750000000000017,0.0,1.5350000030593947,29.893221420438188,True,True
2026-09-17T06:23:06.407256+00:00,1.1693885999993654,35,324.0000000000002,240.0,324.0,240.0,324.0,240.0,2.2737367544323206e-13,TRACKING,-0.8500000000000016,0.0,1.6982999950414523,29.656782061319035,True,True
2026-09-17T06:23:06.441271+00:00,1.2034054999967339,36,324.0000000000002,240.0,324.0,240.0,324.0,240.0,2.2737367544323206e-13,TRACKING,-0.8250000000000016,0.0,3.223399995476939,29.39715259407412,True,True
2026-09-17T06:23:06.473904+00:00,1.236022099998081,37,324.0000000000002,240.0,324.0,240.0,324.0,240.0,2.2737367544323206e-13,TRACKING,-0.8000000000000016,0.0,1.9178999937139452,30.65923486686823,True,True
2026-09-17T06:23:06.507015+00:00,1.2691421000054106,38,324.0000000000002,240.0,324.0,240.0,324.0,240.0,2.2737367544323206e-13,TRACKING,-0.7750000000000016,0.0,1.9366000051377341,30.193236708294034,True,True
2026-09-17T06:23:06.539959+00:00,1.3020947000040906,39,324.0000000000002,240.0,324.0,240.0,324.0,240.0,2.2737367544323206e-13,TRACKING,-0.7500000000000016,0.0,1.560300006531179,30.346619084383608,True,True
2026-09-17T06:23:06.573805+00:00,1.3359366000076989,40,324.0000000000002,240.0,324.0,240.0,324.0,240.0,2.2737367544323206e-13,TRACKING,-0.7250000000000015,0.0,2.170000007026829,29.549168335506494,True,True
2026-09-17T06:23:06.607254+00:00,1.3693878000049153,41,324.0000000000002,240.0,324.0,240.0,324.0,240.0,2.2737367544323206e-13,TRACKING,-0.7000000000000015,0.0,2.440800002659671,29.894293779691367,True,True
2026-09-17T06:23:06.639966+00:00,1.402096799996798,42,324.0000000000002,240.0,324.0,240.0,324.0,240.0,2.2737367544323206e-13,TRACKING,-0.6750000000000015,0.0,1.720900007057935,30.572625278919272,True,True
2026-09-17T06:23:06.673297+00:00,1.4354336999967927,43,324.0000000000002,240.0,324.0,240.0,324.0,240.0,2.2737367544323206e-13,TRACKING,-0.6500000000000015,0.0,1.5620999911334366,29.996790343437947,True,True
2026-09-17T06:23:06.707107+00:00,1.4692327999946428,44,324.0000000000002,240.0,324.0,240.0,324.0,240.0,2.2737367544323206e-13,TRACKING,-0.6250000000000014,0.0,1.625800010515377,29.58658662696957,True,True
2026-09-17T06:23:06.740956+00:00,1.5030812000040896,45,324.0000000000002,240.0,324.0,240.0,324.0,240.0,2.2737367544323206e-13,TRACKING,-0.6000000000000014,0.0,2.3999999975785613,29.54349392352103,True,True
2026-09-17T06:23:06.774670+00:00,1.5368044000060763,46,324.0000000000002,240.0,324.0,240.0,324.0,240.0,2.2737367544323206e-13,TRACKING,-0.5750000000000014,0.0,3.026800011866726,29.653176446514212,True,True
2026-09-17T06:23:06.806614+00:00,1.5687485999951605,47,324.0000000000002,240.0,324.0,240.0,324.0,240.0,2.2737367544323206e-13,TRACKING,-0.5500000000000014,0.0,1.5820999979041517,31.3045873849311,True,True
2026-09-17T06:23:06.839738+00:00,1.6018639999965671,48,324.0000000000002,240.0,324.0,240.0,324.0,240.0,2.2737367544323206e-13,TRACKING,-0.5250000000000014,0.0,1.5824000001884997,30.197430801304595,True,True
2026-09-17T06:23:06.873267+00:00,1.635401699997601,49,324.0000000000002,240.0,324.0,240.0,324.0,240.0,2.2737367544323206e-13,TRACKING,-0.5000000000000013,0.0,1.6450999974040315,29.817190802266417,True,True
2026-09-17T06:23:06.907745+00:00,1.6698789000074612,50,324.0000000000002,240.0,324.0,240.0,324.0,240.0,2.2737367544323206e-13,TRACKING,-0.4750000000000013,0.0,2.7934999961871654,29.00467554540424,True,True
2026-09-17T06:23:06.941174+00:00,1.703307699994184,51,324.0000000000002,240.0,324.0,240.0,324.0,240.0,2.2737367544323206e-13,TRACKING,-0.4500000000000013,0.0,2.8698000096483156,29.914325384015463,True,True
2026-09-17T06:23:06.974312+00:00,1.7364388999994844,52,324.0000000000002,240.0,324.0,240.0,324.0,240.0,2.2737367544323206e-13,TRACKING,-0.42500000000000127,0.0,2.522700000554323,30.183029888444114,True,True
2026-09-17T06:23:07.006587+00:00,1.768722799999523,53,324.0000000000002,240.0,324.0,240.0,324.0,240.0,2.2737367544323206e-13,TRACKING,-0.40000000000000124,0.0,1.5463000017916784,30.975191968715233,True,True
2026-09-17T06:23:07.039904+00:00,1.8020399999950314,54,324.0000000000002,240.0,324.0,240.0,324.0,240.0,2.2737367544323206e-13,TRACKING,-0.3750000000000012,0.0,1.5653000009479001,30.014527035129383,True,True
2026-09-17T06:23:07.073788+00:00,1.8359224000014365,55,324.0000000000002,240.0,324.0,240.0,324.0,240.0,2.2737367544323206e-13,TRACKING,-0.3500000000000012,0.0,2.095999996527098,29.513847891854223,True,True
2026-09-17T06:23:07.107874+00:00,1.870007200006512,56,324.00000000000017,240.0,324.0,240.0,324.0,240.0,1.7053025658242404e-13,TRACKING,-0.3250000000000012,0.0,2.8986000106669962,29.3385908044375,True,True
2026-09-17T06:23:07.139887+00:00,1.901987300007022,57,324.00000000000017,240.0,324.0,240.0,324.0,240.0,1.7053025658242404e-13,TRACKING,-0.30000000000000115,0.0,1.699100001133047,31.269445686037656,True,True
2026-09-17T06:23:07.173263+00:00,1.935388600002625,58,324.00000000000017,240.0,324.0,240.0,324.0,240.0,1.7053025658242404e-13,TRACKING,-0.27500000000000113,0.0,1.531100002466701,29.93895447577311,True,True
2026-09-17T06:23:07.206560+00:00,1.9686880000081146,59,324.00000000000017,240.0,324.0,240.0,324.0,240.0,1.7053025658242404e-13,TRACKING,-0.2500000000000011,0.0,1.5659000055165961,30.030571116450883,True,True
2026-09-17T06:23:07.240261+00:00,2.002393300004769,60,324.00000000000017,240.0,324.0,240.0,324.0,240.0,1.7053025658242404e-13,TRACKING,-0.22500000000000112,0.0,2.217800007201731,29.66892447476383,True,True
2026-09-17T06:23:07.273957+00:00,2.0360911000025226,61,324.00000000000017,240.0,324.0,240.0,324.0,240.0,1.7053025658242404e-13,TRACKING,-0.20000000000000112,0.0,2.527200005715713,29.675527781239936,True,True
2026-09-17T06:23:07.307148+00:00,2.069234900001902,62,324.00000000000017,240.0,324.0,240.0,324.0,240.0,1.7053025658242404e-13,TRACKING,-0.17500000000000113,0.0,2.214099993580021,30.171555464935217,True,True
2026-09-17T06:23:07.340159+00:00,2.10229480000271,63,324.00000000000017,240.0,324.0,240.0,324.0,240.0,1.7053025658242404e-13,TRACKING,-0.15000000000000113,0.0,1.6240999975707382,30.24812537169092,True,True
2026-09-17T06:23:07.373847+00:00,2.135980599996401,64,324.00000000000017,240.0,324.0,240.0,324.0,240.0,1.7053025658242404e-13,TRACKING,-0.12500000000000114,0.0,1.8702999950619414,29.686099192754472,True,True
2026-09-17T06:23:07.410359+00:00,2.172473300001002,65,324.00000000000017,240.0,324.0,240.0,324.0,240.0,1.7053025658242404e-13,TRACKING,-0.10000000000000114,0.0,2.384799998253584,27.40274081868215,True,True
2026-09-17T06:23:07.441843+00:00,2.2039745000074618,66,324.00000000000017,240.0,324.0,240.0,324.0,240.0,1.7053025658242404e-13,TRACKING,-0.07500000000000115,0.0,3.391999998711981,31.74482241295359,True,True
2026-09-17T06:23:07.473840+00:00,2.2359733000048436,67,324.00000000000017,240.0,324.0,240.0,324.0,240.0,1.7053025658242404e-13,TRACKING,-0.05000000000000115,0.0,2.215300002717413,31.251171921503925,True,True
2026-09-17T06:23:07.506654+00:00,2.2687891999958083,68,324.00000000000017,240.0,324.0,240.0,324.0,240.0,1.7053025658242404e-13,TRACKING,-0.025000000000001146,0.0,1.5913999959593639,30.473032897934647,True,True
2026-09-17T06:23:07.540778+00:00,2.3028955000045244,69,324.00000000000017,240.0,324.0,240.0,324.0,240.0,1.7053025658242404e-13,TRACKING,-1.1449174941446927e-15,0.0,2.3853000020608306,29.320096279703286,True,True
2026-09-17T06:23:07.574288+00:00,2.3364206999976886,70,324.00000000000017,240.0,324.0,240.0,324.0,240.0,1.7053025658242404e-13,TRACKING,0.024999999999998856,0.0,2.5565000105416402,29.82830826375079,True,True
2026-09-17T06:23:07.608069+00:00,2.370201600002474,71,324.00000000000017,240.0,324.0,240.0,324.0,240.0,1.7053025658242404e-13,TRACKING,0.04999999999999886,0.0,2.935199998319149,29.60252686750018,True,True
2026-09-17T06:23:07.640332+00:00,2.4024632000073325,72,324.00000000000017,240.0,324.0,240.0,324.0,240.0,1.7053025658242404e-13,TRACKING,0.07499999999999886,0.0,1.9537000043783337,30.996602767668314,True,True
2026-09-17T06:23:07.673123+00:00,2.43525920000684,73,324.00000000000017,240.0,324.0,240.0,324.0,240.0,1.7053025658242404e-13,TRACKING,0.09999999999999887,0.0,1.693299986072816,30.491523356964944,True,True
2026-09-17T06:23:07.706496+00:00,2.4686325999937253,74,324.00000000000017,240.0,324.0,240.0,324.0,240.0,1.7053025658242404e-13,TRACKING,0.12499999999999886,0.0,1.6300999996019527,29.963983303857653,True,True
2026-09-17T06:23:07.740926+00:00,2.5030528000061167,75,324.00000000000017,240.0,324.0,240.0,324.0,240.0,1.7053025658242404e-13,TRACKING,0.14999999999999886,0.0,2.195599998231046,29.052707411345526,True,True
2026-09-17T06:23:07.774220+00:00,2.536352299997816,76,324.00000000000017,240.0,324.0,240.0,324.0,240.0,1.7053025658242404e-13,TRACKING,0.17499999999999885,0.0,2.9023999959463254,30.030480945638203,True,True
2026-09-17T06:23:07.806812+00:00,2.568939599994337,77,324.00000000000017,240.0,324.0,240.0,324.0,240.0,1.7053025658242404e-13,TRACKING,0.19999999999999885,0.0,1.8057000124827027,30.686801303168703,True,True
2026-09-17T06:23:07.840412+00:00,2.6025457000068855,78,324.00000000000017,240.0,324.0,240.0,324.0,240.0,1.7053025658242404e-13,TRACKING,0.22499999999999884,0.0,2.312599986908026,29.756502528606635,True,True
2026-09-17T06:23:07.872948+00:00,2.635082799999509,79,324.00000000000017,240.0,324.0,240.0,324.0,240.0,1.7053025658242404e-13,TRACKING,0.24999999999999883,0.0,1.6380000015487894,30.734146565818982,True,True
2026-09-17T06:23:07.907228+00:00,2.6693553000077372,80,324.00000000000017,240.0,324.0,240.0,324.0,240.0,1.7053025658242404e-13,TRACKING,0.27499999999999886,0.0,2.51130000106059,29.177912313368363,True,True
2026-09-17T06:23:07.941469+00:00,2.7036009000003105,81,324.00000000000017,240.0,324.0,240.0,324.0,240.0,1.7053025658242404e-13,TRACKING,0.2999999999999989,0.0,3.2798000029288232,29.200831646017793,True,True
2026-09-17T06:23:07.974389+00:00,2.736522100007278,82,324.00000000000017,240.0,324.0,240.0,324.0,240.0,1.7053025658242404e-13,TRACKING,0.3249999999999989,0.0,2.9729000088991597,30.375563460273654,True,True
2026-09-17T06:23:08.006982+00:00,2.769117899995763,83,324.00000000000017,240.0,324.0,240.0,324.0,240.0,1.7053025658242404e-13,TRACKING,0.3499999999999989,0.0,1.9551999866962433,30.678799119925518,True,True
2026-09-17T06:23:08.039882+00:00,2.8020185000059428,84,324.00000000000017,240.0,324.0,240.0,324.0,240.0,1.7053025658242404e-13,TRACKING,0.37499999999999895,0.0,1.6702999855624512,30.394582460216096,True,True
2026-09-17T06:23:08.074352+00:00,2.8364871999947354,85,324.00000000000017,240.0,324.0,240.0,324.0,240.0,1.7053025658242404e-13,TRACKING,0.39999999999999897,0.0,2.7673000004142523,29.011828131758545,True,True
2026-09-17T06:23:08.107914+00:00,2.870046900003217,86,324.00000000000017,240.0,324.0,240.0,324.0,240.0,1.7053025658242404e-13,TRACKING,0.424999999999999,0.0,2.9790999979013577,29.797644190718753,True,True
2026-09-17T06:23:08.140609+00:00,2.902742300007958,87,324.00000000000017,240.0,324.0,240.0,324.0,240.0,1.7053025658242404e-13,TRACKING,0.449999999999999,0.0,2.4279999925056472,30.585342276130614,True,True
2026-09-17T06:23:08.172930+00:00,2.935065300000133,88,324.00000000000017,240.0,324.0,240.0,324.0,240.0,1.7053025658242404e-13,TRACKING,0.47499999999999903,0.0,1.5762999973958358,30.937722372369112,True,True
2026-09-17T06:23:08.206467+00:00,2.9686023999965983,89,324.00000000000017,240.0,324.0,240.0,324.0,240.0,1.7053025658242404e-13,TRACKING,0.49999999999999906,0.0,1.8161000043619424,29.81772425479239,True,True
2026-09-17T06:23:08.240693+00:00,3.0028196000057505,90,324.00000000000017,240.0,324.0,240.0,324.0,240.0,1.7053025658242404e-13,TRACKING,0.524999999999999,0.0,2.092200011247769,29.225068086591644,True,True
2026-09-17T06:23:08.274303+00:00,3.036438099996303,91,324.00000000000017,240.0,324.0,240.0,324.0,240.0,1.7053025658242404e-13,TRACKING,0.549999999999999,0.0,2.5076999882003292,29.74552702473388,True,True
2026-09-17T06:23:08.306876+00:00,3.0690044999937527,92,324.00000000000017,240.0,324.0,240.0,324.0,240.0,1.7053025658242404e-13,TRACKING,0.5749999999999991,0.0,2.095900010317564,30.706495040235257,True,True
2026-09-17T06:23:08.339971+00:00,3.1021058000042103,93,324.0000000000001,240.0,324.0,240.0,324.0,240.0,1.1368683772161603e-13,TRACKING,0.5999999999999991,0.0,1.7782000068109483,30.210293845984047,True,True
2026-09-17T06:23:08.373665+00:00,3.1358016000012867,94,324.0000000000001,240.0,324.0,240.0,324.0,240.0,1.1368683772161603e-13,TRACKING,0.6249999999999991,0.0,1.5909000067040324,29.67728916027412,True,True
2026-09-17T06:23:08.406991+00:00,3.1691220000066096,95,324.0000000000001,240.0,324.0,240.0,324.0,240.0,1.1368683772161603e-13,TRACKING,0.6499999999999991,0.0,1.8351000035181642,30.0116445132787,True,True
2026-09-17T06:23:08.440765+00:00,3.2028979000024265,96,324.0000000000001,240.0,324.0,240.0,324.0,240.0,1.1368683772161603e-13,TRACKING,0.6749999999999992,0.0,2.7830999897560105,29.606909071966978,True,True
2026-09-17T06:23:08.473390+00:00,3.2355192999966675,97,324.0000000000001,240.0,324.0,240.0,324.0,240.0,1.1368683772161603e-13,TRACKING,0.6999999999999992,0.0,1.7669999942881986,30.654723591769155,True,True
2026-09-17T06:23:08.507366+00:00,3.269502499999362,98,324.0000000000001,240.0,324.0,240.0,324.0,240.0,1.1368683772161603e-13,TRACKING,0.7249999999999992,0.0,2.3581999994348735,29.426304760019974,True,True
2026-09-17T06:23:08.539870+00:00,3.302000499999849,99,324.0000000000001,240.0,324.0,240.0,324.0,240.0,1.1368683772161603e-13,TRACKING,0.7499999999999992,0.0,1.7974999936996028,30.771124376423533,True,True
2026-09-17T06:23:08.573553+00:00,3.3356824000074994,100,324.0000000000001,240.0,324.0,240.0,324.0,240.0,1.1368683772161603e-13,TRACKING,0.7749999999999992,0.0,2.024300003540702,29.689536509901977,True,True
2026-09-17T06:23:08.610854+00:00,3.3729772999940906,101,324.0000000000001,240.0,324.0,240.0,324.0,240.0,1.1368683772161603e-13,TRACKING,0.7999999999999993,0.0,1.8727000133367255,26.81331764824506,True,True
2026-09-17T06:23:08.640253+00:00,3.40238820000377,102,324.0000000000001,240.0,324.0,240.0,324.0,240.0,1.1368683772161603e-13,TRACKING,0.8249999999999993,0.0,1.782799998181872,34.00099961819882,True,True
2026-09-17T06:23:08.673269+00:00,3.4353992999967886,103,324.0000000000001,240.0,324.0,240.0,324.0,240.0,1.1368683772161603e-13,TRACKING,0.8499999999999993,0.0,1.7782999930204824,30.292840899318456,True,True
2026-09-17T06:23:08.707324+00:00,3.469453700003214,104,324.0000000000001,240.0,324.0,240.0,324.0,240.0,1.1368683772161603e-13,TRACKING,0.8749999999999993,0.0,1.968600001418963,29.36478105065174,True,True
2026-09-17T06:23:08.740719+00:00,3.502854999998817,105,324.0000000000001,240.0,324.0,240.0,324.0,240.0,1.1368683772161603e-13,TRACKING,0.8999999999999994,0.0,1.9644999993033707,29.93895447577311,True,True
2026-09-17T06:23:08.774401+00:00,3.5365325000020675,106,324.0000000000001,240.0,324.0,240.0,324.0,240.0,1.1368683772161603e-13,TRACKING,0.9249999999999994,0.0,2.6702000031946227,29.693415482250376,True,True
2026-09-17T06:23:08.806690+00:00,3.5688171000074362,107,324.0000000000001,240.0,324.0,240.0,324.0,240.0,1.1368683772161603e-13,TRACKING,0.9499999999999994,0.0,1.8746999994618818,30.97452035440139,True,True
2026-09-17T06:23:08.839964+00:00,3.602092300003278,108,324.0000000000001,240.0,324.0,240.0,324.0,240.0,1.1368683772161603e-13,TRACKING,0.9749999999999994,0.0,1.8432000069878995,30.052411409246616,True,True
2026-09-17T06:23:08.873244+00:00,3.6353791000001365,109,324.0000000000001,240.0,324.0,240.0,324.0,240.0,1.1368683772161603e-13,TRACKING,0.9999999999999994,0.0,1.8173999997088686,30.041938549045803,True,True
2026-09-17T06:23:08.906748+00:00,3.6688722999970196,110,324.0000000000001,240.0,324.0,240.0,324.0,240.0,1.1368683772161603e-13,TRACKING,1.0249999999999995,0.0,2.0286999933887273,29.8568067575825,True,True
2026-09-17T06:23:08.940881+00:00,3.7029799000010826,111,324.0000000000001,240.0,324.0,240.0,324.0,240.0,1.1368683772161603e-13,TRACKING,1.0499999999999994,0.0,2.853700003470294,29.31897875783923,True,True
2026-09-17T06:23:08.975102+00:00,3.737236300003133,112,324.0000000000001,240.0,324.0,240.0,324.0,240.0,1.1368683772161603e-13,TRACKING,1.0749999999999993,0.0,3.6945000028936192,29.19162550472761,True,True
2026-09-17T06:23:09.007027+00:00,3.769161400006851,113,324.0000000000001,240.0,324.0,240.0,324.0,240.0,1.1368683772161603e-13,TRACKING,1.0999999999999992,0.0,2.2563000093214214,31.323316133184466,True,True
2026-09-17T06:23:09.039918+00:00,3.8020534999959636,114,324.0000000000001,240.0,324.0,240.0,324.0,240.0,1.1368683772161603e-13,TRACKING,1.1249999999999991,0.0,1.7989999905694276,30.402437069418113,True,True
2026-09-17T06:23:09.073521+00:00,3.835651200002758,115,324.0000000000001,240.0,324.0,240.0,324.0,240.0,1.1368683772161603e-13,TRACKING,1.149999999999999,0.0,2.1459999989019707,29.763942168594227,True,True
2026-09-17T06:23:09.107770+00:00,3.8699030999996467,116,324.00000000000017,240.0,324.0,240.0,324.0,240.0,1.7053025658242404e-13,TRACKING,1.174999999999999,0.0,2.751199994236231,29.195460692423843,True,True
2026-09-17T06:23:09.140795+00:00,3.902928099996643,117,324.00000000000017,240.0,324.0,240.0,324.0,240.0,1.7053025658242404e-13,TRACKING,1.1999999999999988,0.0,2.5364000030094758,30.280090843026397,True,True
2026-09-17T06:23:09.172989+00:00,3.935123899995233,118,324.00000000000017,240.0,324.0,240.0,324.0,240.0,1.7053025658242404e-13,TRACKING,1.2249999999999988,0.0,1.6367999924113974,31.059951920554887,True,True
2026-09-17T06:23:09.206474+00:00,3.9686093000054825,119,324.0000000000002,240.0,324.0,240.0,324.0,240.0,2.2737367544323206e-13,TRACKING,1.2499999999999987,0.0,1.570799999171868,29.86376151080498,True,True
2026-09-17T06:23:09.240214+00:00,4.00234960000671,120,324.0000000000002,240.0,324.0,240.0,324.0,240.0,2.2737367544323206e-13,TRACKING,1.2749999999999986,0.0,1.755999997840263,29.638147851786297,True,True
2026-09-17T06:23:09.273992+00:00,4.036126899998635,121,324.0000000000002,240.0,324.0,240.0,324.0,240.0,2.2737367544323206e-13,TRACKING,1.2999999999999985,0.0,2.2778999991714954,29.605681929552052,True,True
2026-09-17T06:23:09.306427+00:00,4.068555499994545,122,324.0000000000002,240.0,324.0,240.0,324.0,240.0,2.2737367544323206e-13,TRACKING,1.3249999999999984,0.0,1.7094000068027526,30.836977240032482,True,True
2026-09-17T06:23:09.340479+00:00,4.102606400003424,123,324.0000000000002,240.0,324.0,240.0,324.0,240.0,2.2737367544323206e-13,TRACKING,1.3499999999999983,0.0,2.4812000046949834,29.36779937503129,True,True
2026-09-17T06:23:09.373503+00:00,4.135638299994753,124,324.0000000000003,240.0,324.0,240.0,324.0,240.0,2.8421709430404007e-13,TRACKING,1.3749999999999982,0.0,1.99199999042321,30.273765670836646,True,True
2026-09-17T06:23:09.407442+00:00,4.169578700006241,125,324.0000000000003,240.0,324.0,240.0,324.0,240.0,2.8421709430404007e-13,TRACKING,1.3999999999999981,0.0,2.4953000101959333,29.463412324590085,True,True
2026-09-17T06:23:09.441235+00:00,4.20336889999453,126,324.0000000000003,240.0,324.0,240.0,324.0,240.0,2.8421709430404007e-13,TRACKING,1.424999999999998,0.0,2.498600006219931,29.5943794457146,True,True
2026-09-17T06:23:09.473940+00:00,4.236068800004432,127,324.00000000000034,240.0,324.0,240.0,324.0,240.0,3.410605131648481e-13,TRACKING,1.449999999999998,0.0,2.444500001729466,30.58113326637634,True,True
2026-09-17T06:23:09.507150+00:00,4.269284599999082,128,324.00000000000034,240.0,324.0,240.0,324.0,240.0,3.410605131648481e-13,TRACKING,1.4749999999999979,0.0,2.152599990949966,30.106154304910884,True,True
2026-09-17T06:23:09.539545+00:00,4.301679900003364,129,324.00000000000034,240.0,324.0,240.0,324.0,240.0,3.410605131648481e-13,TRACKING,1.4999999999999978,0.0,1.5962000034051016,30.86867539018991,True,True
2026-09-17T06:23:09.573174+00:00,4.335296699995524,130,324.00000000000034,240.0,324.0,240.0,324.0,240.0,3.410605131648481e-13,TRACKING,1.5249999999999977,0.0,1.734199991915375,29.74703125321918,True,True
2026-09-17T06:23:09.607179+00:00,4.369312399998307,131,324.00000000000034,240.0,324.0,240.0,324.0,240.0,3.410605131648481e-13,TRACKING,1.5499999999999976,0.0,2.072000002954155,29.39818965707557,True,True
2026-09-17T06:23:09.641861+00:00,4.4039959000074305,132,324.0000000000004,240.0,324.0,240.0,324.0,240.0,3.979039320256561e-13,TRACKING,1.5749999999999975,0.0,3.7752000062027946,28.83215361013039,True,True
2026-09-17T06:23:09.673890+00:00,4.436023999995086,133,324.0000000000004,240.0,324.0,240.0,324.0,240.0,3.979039320256561e-13,TRACKING,1.5999999999999974,0.0,2.1826000011060387,31.22258268162693,True,True
2026-09-17T06:23:09.707002+00:00,4.469136500003515,134,324.0000000000004,240.0,324.0,240.0,324.0,240.0,3.979039320256561e-13,TRACKING,1.6249999999999973,0.0,2.3351999989245087,30.20007549250161,True,True
2026-09-17T06:23:09.740111+00:00,4.502231699996628,135,324.00000000000045,240.0,324.0,240.0,324.0,240.0,4.547473508864641e-13,TRACKING,1.6499999999999972,0.0,1.786799999536015,30.215862125265748,True,True
2026-09-17T06:23:09.774026+00:00,4.536160899995593,136,324.00000000000045,240.0,324.0,240.0,324.0,240.0,4.547473508864641e-13,TRACKING,1.6749999999999972,0.0,2.6895999908447266,29.473138182759698,True,True
2026-09-17T06:23:09.808134+00:00,4.570267200004309,137,324.00000000000045,240.0,324.0,240.0,324.0,240.0,4.547473508864641e-13,TRACKING,1.699999999999997,0.0,3.284000005805865,29.320096279703286,True,True
2026-09-17T06:23:09.840448+00:00,4.602579099999275,138,324.00000000000045,240.0,324.0,240.0,324.0,240.0,4.547473508864641e-13,TRACKING,1.724999999999997,0.0,2.1886999893467873,30.948350303009263,True,True
2026-09-17T06:23:09.873441+00:00,4.635575899999822,139,324.00000000000045,240.0,324.0,240.0,324.0,240.0,4.547473508864641e-13,TRACKING,1.749999999999997,0.0,1.9413999980315566,30.305969063164845,True,True
2026-09-17T06:23:09.906738+00:00,4.668868699998711,140,324.0000000000005,240.0,324.0,240.0,324.0,240.0,5.115907697472721e-13,TRACKING,1.7749999999999968,0.0,1.9653999916044995,30.036524414688767,True,True
2026-09-17T06:23:09.941170+00:00,4.70329849999689,141,324.0000000000005,240.0,324.0,240.0,324.0,240.0,5.115907697472721e-13,TRACKING,1.7999999999999967,0.0,2.901999992900528,29.044606708516692,True,True
2026-09-17T06:23:09.975507+00:00,4.737637900005211,142,324.0000000000005,240.0,324.0,240.0,324.0,240.0,5.115907697472721e-13,TRACKING,1.8249999999999966,0.0,3.7410000077215955,29.121067920746697,True,True
2026-09-17T06:23:10.006892+00:00,4.769026299996767,143,316.00000000000057,240.0,316.0,240.0,316.0,240.0,5.684341886080801e-13,TRACKING,1.7999999999999967,0.0,2.237799999420531,31.85890329768368,True,True
2026-09-17T06:23:10.040145+00:00,4.802276700007496,144,316.0000000000005,240.0,316.0,240.0,316.0,240.0,5.115907697472721e-13,TRACKING,1.7749999999999968,0.0,1.7919000092661008,30.074826157800235,True,True
2026-09-17T06:23:10.073676+00:00,4.835809199998039,145,316.0000000000005,240.0,316.0,240.0,316.0,240.0,5.115907697472721e-13,TRACKING,1.749999999999997,0.0,1.9161999953212216,29.821814665832914,True,True
2026-09-17T06:23:10.107175+00:00,4.869295099997544,146,316.0000000000005,240.0,316.0,240.0,316.0,240.0,5.115907697472721e-13,TRACKING,1.724999999999997,0.0,2.2364999895216897,29.863315604919833,True,True
2026-09-17T06:23:10.141740+00:00,4.903871799993794,147,316.00000000000045,240.0,316.0,240.0,316.0,240.0,4.547473508864641e-13,TRACKING,1.699999999999997,0.0,3.3469000045442954,28.92120995087544,True,True
2026-09-17T06:23:10.173223+00:00,4.935353199995006,148,316.00000000000045,240.0,316.0,240.0,316.0,240.0,4.547473508864641e-13,TRACKING,1.6749999999999972,0.0,1.6737000114517286,31.76478809587567,True,True
2026-09-17T06:23:10.206663+00:00,4.96878629999992,149,316.00000000000045,240.0,316.0,240.0,316.0,240.0,4.547473508864641e-13,TRACKING,1.6499999999999972,0.0,1.8828000029316172,29.91047793513139,True,True
2026-09-17T06:23:10.241135+00:00,5.00326500000665,150,316.00000000000045,240.0,316.0,240.0,316.0,240.0,4.547473508864641e-13,TRACKING,1.6249999999999973,0.0,2.2410000092349946,29.003413696131503,True,True
2026-09-17T06:23:10.274158+00:00,5.036291900003562,151,316.00000000000045,240.0,316.0,240.0,316.0,240.0,4.547473508864641e-13,TRACKING,1.5999999999999974,0.0,2.580100001068786,30.27834886391082,True,True
2026-09-17T06:23:10.306775+00:00,5.068910300004063,152,316.0000000000004,240.0,316.0,240.0,316.0,240.0,3.979039320256561e-13,TRACKING,1.5749999999999975,0.0,1.8617000023368746,30.657542981403978,True,True
2026-09-17T06:23:10.339720+00:00,5.101858099995297,153,316.0000000000004,240.0,316.0,240.0,316.0,240.0,3.979039320256561e-13,TRACKING,1.5499999999999976,0.0,1.5371000044979155,30.351040138220185,True,True
2026-09-17T06:23:10.373342+00:00,5.135474800001248,154,316.0000000000004,240.0,316.0,240.0,316.0,240.0,3.979039320256561e-13,TRACKING,1.5249999999999977,0.0,2.0483999978750944,29.747119729866185,True,True
2026-09-17T06:23:10.406527+00:00,5.168660199997248,155,316.00000000000034,240.0,316.0,240.0,316.0,240.0,3.410605131648481e-13,TRACKING,1.4999999999999978,0.0,1.8421999993734062,30.133733512946193,True,True
2026-09-17T06:23:10.441604+00:00,5.203728699998464,156,316.00000000000034,240.0,316.0,240.0,316.0,240.0,3.410605131648481e-13,TRACKING,1.4749999999999979,0.0,3.412999998545274,28.51561942955405,True,True
2026-09-17T06:23:10.473175+00:00,5.235303399997065,157,316.00000000000034,240.0,316.0,240.0,316.0,240.0,3.410605131648481e-13,TRACKING,1.449999999999998,0.0,1.6486999957123771,31.670926407672166,True,True
2026-09-17T06:23:10.506912+00:00,5.269043699998292,158,316.00000000000034,240.0,316.0,240.0,316.0,240.0,3.410605131648481e-13,TRACKING,1.424999999999998,0.0,1.81200000224635,29.638147851786297,True,True
2026-09-17T06:23:10.540446+00:00,5.302582200005418,159,316.00000000000034,240.0,316.0,240.0,316.0,240.0,3.410605131648481e-13,TRACKING,1.3999999999999981,0.0,2.1997000003466383,29.816479561922602,True,True
2026-09-17T06:23:10.573685+00:00,5.335818699997617,160,316.0000000000003,240.0,316.0,240.0,316.0,240.0,2.8421709430404007e-13,TRACKING,1.3749999999999982,0.0,1.9181999959982932,30.08740391541542,True,True
2026-09-17T06:23:10.607477+00:00,5.369614700000966,161,316.0000000000003,240.0,316.0,240.0,316.0,240.0,2.8421709430404007e-13,TRACKING,1.3499999999999983,0.0,2.5550999998813495,29.5893005060038,True,True
2026-09-17T06:23:10.639918+00:00,5.402049399999669,162,316.0000000000003,240.0,316.0,240.0,316.0,240.0,2.8421709430404007e-13,TRACKING,1.3249999999999984,0.0,1.5133999986574054,30.83117772139075,True,True
2026-09-17T06:23:10.674382+00:00,5.436514900007751,163,316.0000000000002,240.0,316.0,240.0,316.0,240.0,2.2737367544323206e-13,TRACKING,1.2999999999999985,0.0,2.5920999905792996,29.01452176134117,True,True
2026-09-17T06:23:10.706570+00:00,5.468705299994326,164,316.0000000000002,240.0,316.0,240.0,316.0,240.0,2.2737367544323206e-13,TRACKING,1.2749999999999986,0.0,1.8456999969203025,31.06516229736315,True,True
2026-09-17T06:23:10.740638+00:00,5.5027711000002455,165,316.0000000000002,240.0,316.0,240.0,316.0,240.0,2.2737367544323206e-13,TRACKING,1.2499999999999987,0.0,2.323299995623529,29.354954230525607,True,True
2026-09-17T06:23:10.773782+00:00,5.5359160999942105,166,316.0000000000002,240.0,316.0,240.0,316.0,240.0,2.2737367544323206e-13,TRACKING,1.2249999999999988,0.0,2.4157000007107854,30.170463122102213,True,True
2026-09-17T06:23:10.807199+00:00,5.569334400002845,167,316.0000000000002,240.0,316.0,240.0,316.0,240.0,2.2737367544323206e-13,TRACKING,1.1999999999999988,0.0,2.4203000066336244,29.92372441870578,True,True
2026-09-17T06:23:10.840343+00:00,5.602476000000024,168,316.00000000000017,240.0,316.0,240.0,316.0,240.0,1.7053025658242404e-13,TRACKING,1.174999999999999,0.0,2.04239999584388,30.173558309951904,True,True
2026-09-17T06:23:10.873265+00:00,5.635384900000645,169,316.00000000000017,240.0,316.0,240.0,316.0,240.0,1.7053025658242404e-13,TRACKING,1.149999999999999,0.0,1.7051000031642616,30.386916608611678,True,True
2026-09-17T06:23:10.907124+00:00,5.669261200004257,170,316.00000000000017,240.0,316.0,240.0,316.0,240.0,1.7053025658242404e-13,TRACKING,1.1249999999999991,0.0,1.8270000000484288,29.519162361100964,True,True
2026-09-17T06:23:10.941045+00:00,5.703171100001782,171,316.0000000000001,240.0,316.0,240.0,316.0,240.0,1.1368683772161603e-13,TRACKING,1.0999999999999992,0.0,2.814599996781908,29.489912977419277,True,True
2026-09-17T06:23:10.975042+00:00,5.737177200004226,172,316.0000000000001,240.0,316.0,240.0,316.0,240.0,1.1368683772161603e-13,TRACKING,1.0749999999999993,0.0,3.4487000084482133,29.40648883371359,True,True
2026-09-17T06:23:11.006478+00:00,5.768611000006786,173,316.0000000000001,240.0,316.0,240.0,316.0,240.0,1.1368683772161603e-13,TRACKING,1.0499999999999994,0.0,1.5002000000094995,31.812889307642042,True,True
2026-09-17T06:23:11.040037+00:00,5.802173400006723,174,316.0000000000001,240.0,316.0,240.0,316.0,240.0,1.1368683772161603e-13,TRACKING,1.0249999999999995,0.0,1.7949999892152846,29.79524706224453,True,True
2026-09-17T06:23:11.073243+00:00,5.835377499999595,175,316.0000000000001,240.0,316.0,240.0,316.0,240.0,1.1368683772161603e-13,TRACKING,0.9999999999999994,0.0,1.903099997434765,30.116762695410078,True,True
2026-09-17T06:23:11.107119+00:00,5.869253800003207,176,316.0000000000001,240.0,316.0,240.0,316.0,240.0,1.1368683772161603e-13,TRACKING,0.9749999999999994,0.0,2.222700000857003,29.519162361100964,True,True
2026-09-17T06:23:11.141183+00:00,5.903314600000158,177,316.0000000000001,240.0,316.0,240.0,316.0,240.0,1.1368683772161603e-13,TRACKING,0.9499999999999994,0.0,2.793999999994412,29.359263437427373,True,True
2026-09-17T06:23:11.173129+00:00,5.9352622000005795,178,316.0000000000001,240.0,316.0,240.0,316.0,240.0,1.1368683772161603e-13,TRACKING,0.9249999999999994,0.0,1.574199995957315,31.301255805969962,True,True
2026-09-17T06:23:11.207327+00:00,5.9694054999999935,179,316.0000000000001,240.0,316.0,240.0,316.0,240.0,1.1368683772161603e-13,TRACKING,0.8999999999999994,0.0,2.6326999941375107,29.28832303899045,True,True
2026-09-17T06:23:11.240592+00:00,6.002726899998379,180,316.0000000000001,240.0,316.0,240.0,316.0,240.0,1.1368683772161603e-13,TRACKING,0.8749999999999993,0.0,2.3228000063681975,30.0107438477511,True,True
2026-09-17T06:23:11.274459+00:00,6.036585299996659,181,316.0000000000001,240.0,316.0,240.0,316.0,240.0,1.1368683772161603e-13,TRACKING,0.8499999999999993,0.0,2.9097000078763813,29.534768330777393,True,True
2026-09-17T06:23:11.306892+00:00,6.069025300006615,182,316.0000000000001,240.0,316.0,240.0,316.0,240.0,1.1368683772161603e-13,TRACKING,0.8249999999999993,0.0,1.858700008597225,30.82614055774044,True,True
2026-09-17T06:23:11.340676+00:00,6.1028086000005715,183,316.0000000000001,240.0,316.0,240.0,316.0,240.0,1.1368683772161603e-13,TRACKING,0.7999999999999993,0.0,2.3842999944463372,29.600423883365192,True,True
2026-09-17T06:23:11.373941+00:00,6.136074099995312,184,316.0000000000001,240.0,316.0,240.0,316.0,240.0,1.1368683772161603e-13,TRACKING,0.7749999999999992,0.0,2.384799998253584,30.06117449483991,True,True
2026-09-17T06:23:11.407310+00:00,6.169445599996834,185,316.0000000000001,240.0,316.0,240.0,316.0,240.0,1.1368683772161603e-13,TRACKING,0.7499999999999992,0.0,2.256299994769506,29.965689284401325,True,True
2026-09-17T06:23:11.440902+00:00,6.203036899998551,186,316.0000000000001,240.0,316.0,240.0,316.0,240.0,1.1368683772161603e-13,TRACKING,0.7249999999999992,0.0,2.731200002017431,29.76961296374003,True,True
2026-09-17T06:23:11.474298+00:00,6.236425099996268,187,316.0000000000001,240.0,316.0,240.0,316.0,240.0,1.1368683772161603e-13,TRACKING,0.6999999999999992,0.0,2.7511000080266967,29.950701147962153,True,True
2026-09-17T06:23:11.506545+00:00,6.268678899999941,188,316.0000000000001,240.0,316.0,240.0,316.0,240.0,1.1368683772161603e-13,TRACKING,0.6749999999999992,0.0,1.5745999990031123,31.004098738323034,True,True
2026-09-17T06:23:11.539722+00:00,6.301817200001096,189,316.0000000000001,240.0,316.0,240.0,316.0,240.0,1.1368683772161603e-13,TRACKING,0.6499999999999991,0.0,1.7324000073131174,30.176563069473342,True,True
2026-09-17T06:23:11.573375+00:00,6.335499599998002,190,316.0000000000001,240.0,316.0,240.0,316.0,240.0,1.1368683772161603e-13,TRACKING,0.6249999999999991,0.0,2.051000003120862,29.6890957916262,True,True
2026-09-17T06:23:11.607151+00:00,6.369285599997966,191,316.0000000000001,240.0,316.0,240.0,316.0,240.0,1.1368683772161603e-13,TRACKING,0.5999999999999991,0.0,2.250100005767308,29.59805836740292,True,True
2026-09-17T06:23:11.640901+00:00,6.403031800000463,192,316.0000000000001,240.0,316.0,240.0,316.0,240.0,1.1368683772161603e-13,TRACKING,0.5749999999999991,0.0,2.715199996600859,29.632966079914322,True,True
2026-09-17T06:23:11.674971+00:00,6.437102900003083,193,316.0000000000001,240.0,316.0,240.0,316.0,240.0,1.1368683772161603e-13,TRACKING,0.549999999999999,0.0,3.3017999958246946,29.350387863118335,True,True
2026-09-17T06:23:11.706660+00:00,6.468790300001274,194,316.00000000000017,240.0,316.0,240.0,316.0,240.0,1.7053025658242404e-13,TRACKING,0.524999999999999,0.0,1.7293999990215525,31.558284998361962,True,True
2026-09-17T06:23:11.740776+00:00,6.502894799996284,195,316.00000000000017,240.0,316.0,240.0,316.0,240.0,1.7053025658242404e-13,TRACKING,0.499999999999999,0.0,2.2655999928247184,29.32164377564004,True,True
2026-09-17T06:23:11.773590+00:00,6.5357256999996025,196,316.00000000000017,240.0,316.0,240.0,316.0,240.0,1.7053025658242404e-13,TRACKING,0.474999999999999,0.0,2.01720000768546,30.45911016447664,True,True
2026-09-17T06:23:11.807194+00:00,6.569313900006819,197,316.00000000000017,240.0,316.0,240.0,316.0,240.0,1.7053025658242404e-13,TRACKING,0.44999999999999896,0.0,2.2107999975560233,29.77236052498081,True,True
2026-09-17T06:23:11.840121+00:00,6.602255200006766,198,316.00000000000017,240.0,316.0,240.0,316.0,240.0,1.7053025658242404e-13,TRACKING,0.42499999999999893,0.0,1.817599986679852,30.357029018332273,True,True
2026-09-17T06:23:11.873151+00:00,6.6352839000028325,199,316.00000000000017,240.0,316.0,240.0,316.0,240.0,1.7053025658242404e-13,TRACKING,0.3999999999999989,0.0,1.6903000068850815,30.276698753481064,True,True
2026-09-17T06:23:11.906834+00:00,6.668961000003037,200,316.00000000000017,240.0,316.0,240.0,316.0,240.0,1.7053025658242404e-13,TRACKING,0.3749999999999989,0.0,2.1466000034706667,29.69376816869407,True,True
2026-09-17T06:23:11.940685+00:00,6.7028222999942955,201,316.00000000000017,240.0,316.0,240.0,316.0,240.0,1.7053025658242404e-13,TRACKING,0.34999999999999887,0.0,2.5719999975990504,29.53223887618486,True,True
2026-09-17T06:23:11.975273+00:00,6.737407199994777,202,316.00000000000017,240.0,316.0,240.0,316.0,240.0,1.7053025658242404e-13,TRACKING,0.32499999999999885,0.0,3.7736000085715204,28.91435279518134,True,True
2026-09-17T06:23:12.008519+00:00,6.770647099998314,203,316.00000000000017,240.0,316.0,240.0,316.0,240.0,1.7053025658242404e-13,TRACKING,0.2999999999999988,0.0,2.8839999868068844,30.084326363605296,True,True
2026-09-17T06:23:12.039883+00:00,6.802013699998497,204,316.00000000000017,240.0,316.0,240.0,316.0,240.0,1.7053025658242404e-13,TRACKING,0.2749999999999988,0.0,1.739700004691258,31.881045443056074,True,True
2026-09-17T06:23:12.073475+00:00,6.835592000003089,205,316.00000000000017,240.0,316.0,240.0,316.0,240.0,1.7053025658242404e-13,TRACKING,0.2499999999999988,0.0,2.1421999990707263,29.78113840972414,True,True
2026-09-17T06:23:12.107764+00:00,6.869888800007175,206,316.00000000000017,240.0,316.0,240.0,316.0,240.0,1.7053025658242404e-13,TRACKING,0.2249999999999988,0.0,2.8399000002536923,29.15723915586519,True,True
2026-09-17T06:23:12.140523+00:00,6.902655600002618,207,316.00000000000017,240.0,316.0,240.0,316.0,240.0,1.7053025658242404e-13,TRACKING,0.19999999999999882,0.0,2.1644000080414116,30.518695757262783,True,True
2026-09-17T06:23:12.173339+00:00,6.935465000002296,208,316.00000000000017,240.0,316.0,240.0,316.0,240.0,1.7053025658242404e-13,TRACKING,0.17499999999999882,0.0,1.7728999955579638,30.479070022914474,True,True
2026-09-17T06:23:12.206101+00:00,6.9682363000029,209,316.00000000000017,240.0,316.0,240.0,316.0,240.0,1.7053025658242404e-13,TRACKING,0.14999999999999883,0.0,1.392699996358715,30.514505069422388,True,True
2026-09-17T06:23:12.240202+00:00,7.002331800002139,210,316.00000000000017,240.0,316.0,240.0,316.0,240.0,1.7053025658242404e-13,TRACKING,0.12499999999999883,0.0,2.1413000067695975,29.32938364365727,True,True
2026-09-17T06:23:12.275822+00:00,7.037952900005621,211,316.00000000000017,240.0,316.0,240.0,316.0,240.0,1.7053025658242404e-13,TRACKING,0.09999999999999884,0.0,4.346400004578754,28.073248717817624,True,True
2026-09-17T06:23:12.309371+00:00,7.071504199993797,212,316.00000000000017,240.0,316.0,240.0,316.0,240.0,1.7053025658242404e-13,TRACKING,0.07499999999999885,0.0,4.392399991047569,29.805104432687354,True,True
2026-09-17T06:23:12.340416+00:00,7.102547600006801,213,316.00000000000017,240.0,316.0,240.0,316.0,240.0,1.7053025658242404e-13,TRACKING,0.049999999999998844,0.0,2.2243999992497265,32.21296634972615,True,True
2026-09-17T06:23:12.372721+00:00,7.134859400001005,214,316.00000000000017,240.0,316.0,240.0,316.0,240.0,1.7053025658242404e-13,TRACKING,0.024999999999998843,0.0,1.438500010408461,30.94844608407366,True,True
2026-09-17T06:23:12.406302+00:00,7.168439000000944,215,316.00000000000017,240.0,316.0,240.0,316.0,240.0,1.7053025658242404e-13,TRACKING,-1.1587952819525071e-15,0.0,1.621899995370768,29.77998546742111,True,True
2026-09-17T06:23:12.440406+00:00,7.202540300000692,216,316.00000000000017,240.0,316.0,240.0,316.0,240.0,1.7053025658242404e-13,TRACKING,-0.02500000000000116,0.0,2.3710999957984313,29.32439525787599,True,True
2026-09-17T06:23:12.475172+00:00,7.237303999994765,217,316.00000000000017,240.0,316.0,240.0,316.0,240.0,1.7053025658242404e-13,TRACKING,-0.05000000000000116,0.0,3.271699999459088,28.76563772470959,True,True
2026-09-17T06:23:12.506434+00:00,7.268568500003312,218,316.00000000000017,240.0,316.0,240.0,316.0,240.0,1.7053025658242404e-13,TRACKING,-0.07500000000000116,0.0,1.661800008150749,31.985158877533014,True,True
2026-09-17T06:23:12.540824+00:00,7.30295820000174,219,316.00000000000017,240.0,316.0,240.0,316.0,240.0,1.7053025658242404e-13,TRACKING,-0.10000000000000117,0.0,2.4339000083273277,29.078474079323403,True,True
2026-09-17T06:23:12.573119+00:00,7.335253400000511,220,316.00000000000017,240.0,316.0,240.0,316.0,240.0,1.7053025658242404e-13,TRACKING,-0.12500000000000117,0.0,1.6688000032445416,30.964353837042662,True,True
2026-09-17T06:23:12.607206+00:00,7.369335499999579,221,316.00000000000017,240.0,316.0,240.0,316.0,240.0,1.7053025658242404e-13,TRACKING,-0.15000000000000116,0.0,2.2308999905362725,29.34091502657808,True,True
2026-09-17T06:23:12.641339+00:00,7.403469600001699,222,316.00000000000017,240.0,316.0,240.0,316.0,240.0,1.7053025658242404e-13,TRACKING,-0.17500000000000115,0.0,3.086800003075041,29.296216977681695,True,True
2026-09-17T06:23:12.673903+00:00,7.436030800003209,223,316.00000000000017,240.0,316.0,240.0,316.0,240.0,1.7053025658242404e-13,TRACKING,-0.20000000000000115,0.0,2.328800008399412,30.711398841370407,True,True
2026-09-17T06:23:12.707128+00:00,7.469259200006491,224,316.00000000000017,240.0,316.0,240.0,316.0,240.0,1.7053025658242404e-13,TRACKING,-0.22500000000000114,0.0,1.7920000100275502,30.09473823299486,True,True
2026-09-17T06:23:12.740063+00:00,7.502192900006776,225,316.00000000000017,240.0,316.0,240.0,316.0,240.0,1.7053025658242404e-13,TRACKING,-0.25000000000000117,0.0,2.0672000100603327,30.36403440826087,True,True
2026-09-17T06:23:12.773875+00:00,7.536010700001498,226,316.00000000000017,240.0,316.0,240.0,316.0,240.0,1.7053025658242404e-13,TRACKING,-0.2750000000000012,0.0,2.485699995304458,29.5702263351274,True,True
2026-09-17T06:23:12.807699+00:00,7.569830599997658,227,316.00000000000017,240.0,316.0,240.0,316.0,240.0,1.7053025658242404e-13,TRACKING,-0.3000000000000012,0.0,2.6514999917708337,29.56839021148871,True,True
2026-09-17T06:23:12.840614+00:00,7.602742600007332,228,316.00000000000017,240.0,316.0,240.0,316.0,240.0,1.7053025658242404e-13,TRACKING,-0.32500000000000123,0.0,2.3167000035755336,30.38405443929495,True,True
2026-09-17T06:23:12.874325+00:00,7.636452000006102,229,316.0000000000002,240.0,316.0,240.0,316.0,240.0,2.2737367544323206e-13,TRACKING,-0.35000000000000125,0.0,2.8554000018630177,29.665315907031438,True,True
2026-09-17T06:23:12.906365+00:00,7.668503099994268,230,316.0000000000002,240.0,316.0,240.0,316.0,240.0,2.2737367544323206e-13,TRACKING,-0.3750000000000013,0.0,1.4334000006783754,31.200177228526176,True,True
2026-09-17T06:23:12.940500+00:00,7.702636000001803,231,316.0000000000002,240.0,316.0,240.0,316.0,240.0,2.2737367544323206e-13,TRACKING,-0.4000000000000013,0.0,2.2621000098297372,29.297246931237954,True,True
2026-09-17T06:23:12.973608+00:00,7.735740599993733,232,316.0000000000002,240.0,316.0,240.0,316.0,240.0,2.2737367544323206e-13,TRACKING,-0.4250000000000013,0.0,2.2387999924831092,30.207282378998123,True,True
2026-09-17T06:23:13.007413+00:00,7.769534899998689,233,316.0000000000002,240.0,316.0,240.0,316.0,240.0,2.2737367544323206e-13,TRACKING,-0.45000000000000134,0.0,2.3246000055223703,29.590788974866733,True,True
2026-09-17T06:23:13.040520+00:00,7.802655899999081,234,316.0000000000002,240.0,316.0,240.0,316.0,240.0,2.2737367544323206e-13,TRACKING,-0.47500000000000137,0.0,2.348199996049516,30.192325110599377,True,True
2026-09-17T06:23:13.073796+00:00,7.835930700006429,235,316.0000000000002,240.0,316.0,240.0,316.0,240.0,2.2737367544323206e-13,TRACKING,-0.5000000000000013,0.0,2.097800010233186,30.052772662169982,True,True
2026-09-17T06:23:13.107887+00:00,7.870019499998307,236,316.0000000000002,240.0,316.0,240.0,316.0,240.0,2.2737367544323206e-13,TRACKING,-0.5250000000000014,0.0,3.0460999987553805,29.335148208158323,True,True
2026-09-17T06:23:13.141602+00:00,7.903737000000547,237,316.0000000000002,240.0,316.0,240.0,316.0,240.0,2.2737367544323206e-13,TRACKING,-0.5500000000000014,0.0,3.1387000053655356,29.658189365568937,True,True
2026-09-17T06:23:13.172834+00:00,7.934968500005198,238,316.0000000000002,240.0,316.0,240.0,316.0,240.0,2.2737367544323206e-13,TRACKING,-0.5750000000000014,0.0,1.5220000059343874,32.01895521672283,True,True
2026-09-17T06:23:13.206282+00:00,7.9684200000046985,239,316.0000000000002,240.0,316.0,240.0,316.0,240.0,2.2737367544323206e-13,TRACKING,-0.6000000000000014,0.0,1.5117000002646819,29.89402567941416,True,True
2026-09-17T06:23:13.239852+00:00,8.00198509999609,240,316.0000000000002,240.0,316.0,240.0,316.0,240.0,2.2737367544323206e-13,TRACKING,-0.6250000000000014,0.0,1.6656999941915274,29.792850319422453,True,True
2026-09-17T06:23:13.273873+00:00,8.036005999994813,241,316.0000000000002,240.0,316.0,240.0,316.0,240.0,2.2737367544323206e-13,TRACKING,-0.6500000000000015,0.0,2.0853000023635104,29.393696229010626,True,True
2026-09-17T06:23:13.308541+00:00,8.070673099995474,242,316.0000000000002,240.0,316.0,240.0,316.0,240.0,2.2737367544323206e-13,TRACKING,-0.6750000000000015,0.0,2.9884999967180192,28.84579327318803,True,True
2026-09-17T06:23:13.340776+00:00,8.102902800004813,243,316.0000000000002,240.0,316.0,240.0,316.0,240.0,2.2737367544323206e-13,TRACKING,-0.7000000000000015,0.0,2.449199993861839,31.02728228032684,True,True
2026-09-17T06:23:13.375354+00:00,8.137489500004449,244,316.0000000000002,240.0,316.0,240.0,316.0,240.0,2.2737367544323206e-13,TRACKING,-0.7250000000000015,0.0,2.300799998920411,28.91284800257102,True,True
2026-09-17T06:23:13.407074+00:00,8.169200799995451,245,316.0000000000002,240.0,316.0,240.0,316.0,240.0,2.2737367544323206e-13,TRACKING,-0.7500000000000016,0.0,1.938499990501441,31.534500329022706,True,True
2026-09-17T06:23:13.440951+00:00,8.20307600000524,246,316.0000000000002,240.0,316.0,240.0,316.0,240.0,2.2737367544323206e-13,TRACKING,-0.7750000000000016,0.0,2.6983999996446073,29.5201209058853,True,True
2026-09-17T06:23:13.473362+00:00,8.235497800007579,247,316.0000000000002,240.0,316.0,240.0,316.0,240.0,2.2737367544323206e-13,TRACKING,-0.8000000000000016,0.0,2.0905999990645796,30.843444840442174,True,True
2026-09-17T06:23:13.507041+00:00,8.269176100002369,248,316.0000000000002,240.0,316.0,240.0,316.0,240.0,2.2737367544323206e-13,TRACKING,-0.8250000000000016,0.0,1.752900003339164,29.692710147326295,True,True
2026-09-17T06:23:13.539601+00:00,8.301734399996349,249,316.0000000000002,240.0,316.0,240.0,316.0,240.0,2.2737367544323206e-13,TRACKING,-0.8500000000000016,0.0,1.4823999954387546,30.714134343160023,True,True
2026-09-17T06:23:13.573652+00:00,8.335782199996174,250,316.0000000000002,240.0,316.0,240.0,316.0,240.0,2.2737367544323206e-13,TRACKING,-0.8750000000000017,0.0,2.212200008216314,29.37047327595676,True,True
2026-09-17T06:23:13.607670+00:00,8.369803900000989,251,316.0000000000002,240.0,316.0,240.0,316.0,240.0,2.2737367544323206e-13,TRACKING,-0.9000000000000017,0.0,2.673300012247637,29.393005048498352,True,True
2026-09-17T06:23:13.641276+00:00,8.403409899998223,252,316.0000000000003,240.0,316.0,240.0,316.0,240.0,2.8421709430404007e-13,TRACKING,-0.9250000000000017,0.0,2.9709999944316223,29.75659108737368,True,True
2026-09-17T06:23:13.673932+00:00,8.436064399997122,253,316.0000000000003,240.0,316.0,240.0,316.0,240.0,2.8421709430404007e-13,TRACKING,-0.9500000000000017,0.0,2.328500006115064,30.623650646426672,True,True
2026-09-17T06:23:13.706456+00:00,8.468586899994989,254,316.0000000000003,240.0,316.0,240.0,316.0,240.0,2.8421709430404007e-13,TRACKING,-0.9750000000000018,0.0,1.5761999966343865,30.74794373327933,True,True
2026-09-17T06:23:13.740132+00:00,8.502266299998155,255,316.0000000000003,240.0,316.0,240.0,316.0,240.0,2.8421709430404007e-13,TRACKING,-1.0000000000000018,0.0,2.1508999925572425,29.691740348877882,True,True
2026-09-17T06:23:13.774326+00:00,8.536457399997744,256,316.0000000000003,240.0,316.0,240.0,316.0,240.0,2.8421709430404007e-13,TRACKING,-1.0250000000000017,0.0,2.6083000120706856,29.24737724179752,True,True
2026-09-17T06:23:13.808437+00:00,8.570571799995378,257,316.0000000000003,240.0,316.0,240.0,316.0,240.0,2.8421709430404007e-13,TRACKING,-1.0500000000000016,0.0,3.5594999935710803,29.313134631397837,True,True
2026-09-17T06:23:13.840731+00:00,8.6028626000043,258,316.0000000000002,240.0,316.0,240.0,316.0,240.0,2.2737367544323206e-13,TRACKING,-1.0750000000000015,0.0,2.461399999447167,30.968573083468762,True,True
2026-09-17T06:23:13.874021+00:00,8.636155000000144,259,316.0000000000002,240.0,316.0,240.0,316.0,240.0,2.2737367544323206e-13,TRACKING,-1.1000000000000014,0.0,2.3963999992702156,30.036885298892148,True,True
2026-09-17T06:23:13.906919+00:00,8.66905389999738,260,316.0000000000002,240.0,316.0,240.0,316.0,240.0,2.2737367544323206e-13,TRACKING,-1.1250000000000013,0.0,2.2350999934133142,30.396153065422766,True,True
2026-09-17T06:23:13.940655+00:00,8.70278770000732,261,316.0000000000002,240.0,316.0,240.0,316.0,240.0,2.2737367544323206e-13,TRACKING,-1.1500000000000012,0.0,2.515000000130385,29.643858673061374,True,True
2026-09-17T06:23:13.973809+00:00,8.73593759999494,262,316.0000000000002,240.0,316.0,240.0,316.0,240.0,2.2737367544323206e-13,TRACKING,-1.1750000000000012,0.0,2.075600001262501,30.166003528621385,True,True
2026-09-17T06:23:14.007226+00:00,8.769356500008143,263,316.00000000000017,240.0,316.0,240.0,316.0,240.0,1.7053025658242404e-13,TRACKING,-1.200000000000001,0.0,2.4206000089179724,29.923187166691008,True,True
2026-09-17T06:23:14.040577+00:00,8.802707199996803,264,316.00000000000017,240.0,316.0,240.0,316.0,240.0,1.7053025658242404e-13,TRACKING,-1.225000000000001,0.0,2.175399989937432,29.984378149185435,True,True
2026-09-17T06:23:14.074675+00:00,8.836808799998835,265,316.00000000000017,240.0,316.0,240.0,316.0,240.0,1.7053025658242404e-13,TRACKING,-1.2500000000000009,0.0,3.246199994464405,29.324137282133975,True,True
2026-09-17T06:23:14.107432+00:00,8.869565100001637,266,316.0000000000001,240.0,316.0,240.0,316.0,240.0,1.1368683772161603e-13,TRACKING,-1.2750000000000008,0.0,2.7545000048121437,30.528478488548895,True,True
2026-09-17T06:23:14.141446+00:00,8.903579100006027,267,316.0000000000001,240.0,316.0,240.0,316.0,240.0,1.1368683772161603e-13,TRACKING,-1.3000000000000007,0.0,3.2949000014923513,29.399658960161346,True,True
2026-09-17T06:23:14.174016+00:00,8.936146000007284,268,316.0000000000001,240.0,316.0,240.0,316.0,240.0,1.1368683772161603e-13,TRACKING,-1.3250000000000006,0.0,2.4016000097617507,30.70602359946482,True,True
2026-09-17T06:23:14.206891+00:00,8.96902499999851,269,316.0000000000001,240.0,316.0,240.0,316.0,240.0,1.1368683772161603e-13,TRACKING,-1.3500000000000005,0.0,2.1123999904375523,30.41455032898984,True,True
2026-09-17T06:23:14.241834+00:00,9.003968000004534,270,316.0000000000001,240.0,316.0,240.0,316.0,240.0,1.1368683772161603e-13,TRACKING,-1.3750000000000004,0.0,2.9145000007702038,28.618035080777577,True,True
2026-09-17T06:23:14.273777+00:00,9.035907500001485,271,316.00000000000006,240.0,316.0,240.0,316.0,240.0,5.684341886080802e-14,TRACKING,-1.4000000000000004,0.0,2.310099996975623,31.309193947789954,True,True
2026-09-17T06:23:14.306649+00:00,9.068656200004625,272,316.00000000000006,240.0,316.0,240.0,316.0,240.0,5.684341886080802e-14,TRACKING,-1.4250000000000003,0.0,1.5703999961260706,30.535563240804315,True,True
2026-09-17T06:23:14.339777+00:00,9.10191169999598,273,316.00000000000006,240.0,316.0,240.0,316.0,240.0,5.684341886080802e-14,TRACKING,-1.4500000000000002,0.0,1.4626999909523875,30.070213957388795,True,True
2026-09-17T06:23:14.373343+00:00,9.13547799999651,274,316.0,240.0,316.0,240.0,316.0,240.0,0.0,TRACKING,-1.475,0.0,2.0394000021042302,29.79178521267516,True,True
2026-09-17T06:23:14.406416+00:00,9.168551499999012,275,316.0,240.0,316.0,240.0,316.0,240.0,0.0,TRACKING,-1.5,0.0,1.3193000049795955,30.235687179293528,True,True
2026-09-17T06:23:14.440968+00:00,9.203104000000167,276,316.0,240.0,316.0,240.0,316.0,240.0,0.0,TRACKING,-1.525,0.0,2.8554000018630177,28.941465884279783,True,True
2026-09-17T06:23:14.473481+00:00,9.235609499999555,277,316.0,240.0,316.0,240.0,316.0,240.0,0.0,TRACKING,-1.5499999999999998,0.0,1.9426000071689487,30.764024550270687,True,True
2026-09-17T06:23:14.507134+00:00,9.269263599999249,278,316.0,240.0,316.0,240.0,316.0,240.0,0.0,TRACKING,-1.5749999999999997,0.0,2.1335999917937443,29.71406158563408,True,True
2026-09-17T06:23:14.540453+00:00,9.302586499994504,279,315.99999999999994,240.0,315.0,240.0,315.0,240.0,0.9999999999999432,TRACKING,-1.6062499999999997,0.0,2.23869999172166,30.009392944263137,True,True
2026-09-17T06:23:14.573584+00:00,9.335717699999805,280,316.99999999999994,240.0,316.0,240.0,316.0,240.0,0.9999999999999432,TRACKING,-1.6312499999999996,0.0,1.672900005360134,30.183029888444114,True,True
2026-09-17T06:23:14.607665+00:00,9.369800100001157,281,316.99999999999994,240.0,316.0,240.0,316.0,240.0,0.9999999999999432,TRACKING,-1.6562499999999996,0.0,2.644799998961389,29.34065676009648,True,True
2026-09-17T06:23:14.640865+00:00,9.402998799996567,282,316.99999999999994,240.0,316.0,240.0,316.0,240.0,0.9999999999999432,TRACKING,-1.6812499999999995,0.0,2.5730000052135438,30.121661394520494,True,True
2026-09-17T06:23:14.673329+00:00,9.435447800002294,283,316.9999999999999,240.0,316.0,240.0,316.0,240.0,0.9999999999998863,TRACKING,-1.7062499999999994,0.0,1.699700005701743,30.817590675321792,True,True
2026-09-17T06:23:14.707126+00:00,9.469257400007336,284,316.9999999999999,240.0,316.0,240.0,316.0,240.0,0.9999999999998863,TRACKING,-1.7312499999999993,0.0,2.265799994347617,29.57739813102932,True,True
2026-09-17T06:23:14.740244+00:00,9.5023807999969,285,316.9999999999999,240.0,316.0,240.0,316.0,240.0,0.9999999999998863,TRACKING,-1.7562499999999992,0.0,1.7669999942881986,30.19013749539882,True,True
2026-09-17T06:23:14.773933+00:00,9.536069099995075,286,316.9999999999999,240.0,316.0,240.0,316.0,240.0,0.9999999999998863,TRACKING,-1.7812499999999991,0.0,2.1871999924769625,29.683896191086003,True,True
2026-09-17T06:23:14.806188+00:00,9.56832520000171,287,316.9999999999999,240.0,316.0,240.0,316.0,240.0,0.9999999999998863,TRACKING,-1.806249999999999,0.0,1.5044000028865412,31.001888008603707,True,True
2026-09-17T06:23:14.839765+00:00,9.601896899999701,288,316.99999999999983,240.0,316.0,240.0,316.0,240.0,0.9999999999998295,TRACKING,-1.831249999999999,0.0,1.5456999972229823,29.786993213325648,True,True
2026-09-17T06:23:14.873742+00:00,9.635876200001803,289,324.99999999999983,240.0,324.0,240.0,324.0,240.0,0.9999999999998295,TRACKING,-1.806249999999999,0.0,2.2815999982412905,29.429682187041653,True,True
2026-09-17T06:23:14.906753+00:00,9.668879300006665,290,324.99999999999983,240.0,324.0,240.0,324.0,240.0,0.9999999999998295,TRACKING,-1.7812499999999991,0.0,1.6943999944487587,30.300183917652543,True,True
2026-09-17T06:23:14.940371+00:00,9.702504999993835,291,324.9999999999999,240.0,324.0,240.0,324.0,240.0,0.9999999999998863,TRACKING,-1.7562499999999992,0.0,2.2038000024622306,29.73915785787575,True,True
2026-09-17T06:23:14.973396+00:00,9.73552539999946,292,324.9999999999999,240.0,324.0,240.0,324.0,240.0,0.9999999999998863,TRACKING,-1.7312499999999993,0.0,2.037299986113794,30.28430908861291,True,True
2026-09-17T06:23:15.006431+00:00,9.76856910000788,293,324.9999999999999,240.0,324.0,240.0,324.0,240.0,0.9999999999998863,TRACKING,-1.7062499999999994,0.0,1.6497999895364046,30.26295480667049,True,True
2026-09-17T06:23:15.040317+00:00,9.80244450000464,294,324.9999999999999,240.0,324.0,240.0,324.0,240.0,0.9999999999998863,TRACKING,-1.6812499999999995,0.0,2.35130000510253,29.51994663076047,True,True
2026-09-17T06:23:15.073650+00:00,9.835778699998627,295,324.9999999999999,240.0,324.0,240.0,324.0,240.0,0.9999999999998863,TRACKING,-1.6562499999999996,0.0,2.0182000007480383,29.99922002569038,True,True
2026-09-17T06:23:15.107981+00:00,9.870117300000857,296,324.99999999999994,240.0,324.0,240.0,324.0,240.0,0.9999999999999432,TRACKING,-1.6312499999999996,0.0,3.1581000075675547,29.121746370995947,True,True
2026-09-17T06:23:15.141217+00:00,9.903332999994745,297,324.99999999999994,240.0,324.0,240.0,324.0,240.0,0.9999999999999432,TRACKING,-1.6062499999999997,0.0,2.852400008123368,30.106244943926633,True,True
2026-09-17T06:23:15.173878+00:00,9.936008599994238,298,324.99999999999994,240.0,324.0,240.0,324.0,240.0,0.9999999999999432,TRACKING,-1.5812499999999998,0.0,2.4870000052032992,30.603875675290325,True,True
2026-09-17T06:23:15.206611+00:00,9.968746600003215,299,325.0,240.0,325.0,240.0,325.0,240.0,0.0,TRACKING,-1.5499999999999998,0.0,1.8435000092722476,30.54554339684222,True,True
2026-09-17T06:23:15.240394+00:00,10.002525400006562,300,324.0,240.0,,,326.0,240.0,2.0,PREDICTING,-1.5499999999999998,0.0,2.3101000115275383,29.60436723332133,True,False
2026-09-17T06:23:15.274262+00:00,10.036392199996044,301,328.0,240.0,,,327.0,240.0,1.0,PREDICTING,-1.5499999999999998,0.0,2.8987000114284456,29.527442814513275,True,False
2026-09-17T06:23:15.308014+00:00,10.070145400008187,302,332.0,240.0,,,328.0,240.0,4.0,PREDICTING,-1.5499999999999998,0.0,3.1611000013072044,29.626820557465614,True,False
2026-09-17T06:23:15.340547+00:00,10.102667099999962,303,336.0,240.0,,,329.0,240.0,7.0,PREDICTING,-1.5499999999999998,0.0,2.381000012974255,30.74870010647928,True,False
2026-09-17T06:23:15.373270+00:00,10.135404200002085,304,340.0,240.0,,,330.0,240.0,10.0,PREDICTING,-1.5499999999999998,0.0,1.5787000011187047,30.5463831535215,True,False
2026-09-17T06:23:15.406554+00:00,10.168689600002836,305,344.0,240.0,,,331.0,240.0,13.0,PREDICTING,-1.5499999999999998,0.0,1.5026000037323684,30.04320212397823,True,False
2026-09-17T06:23:15.441068+00:00,10.203194000001531,306,348.0,240.0,,,332.0,240.0,16.0,PREDICTING,-1.5499999999999998,0.0,2.686599997105077,28.981811016502363,True,False
2026-09-17T06:23:15.473052+00:00,10.235170700005256,307,352.0,240.0,,,333.0,240.0,19.0,PREDICTING,-1.5499999999999998,0.0,1.5404000005219132,31.272770482367573,True,False
2026-09-17T06:23:15.507557+00:00,10.269691900000907,308,356.0,240.0,,,334.0,240.0,22.0,PREDICTING,-1.5499999999999998,0.0,2.028200004133396,28.96770680410751,True,False
2026-09-17T06:23:15.540561+00:00,10.302695499995025,309,360.0,240.0,,,335.0,240.0,25.0,PREDICTING,-1.5499999999999998,0.0,2.292599994689226,30.299724883898765,True,False
2026-09-17T06:23:15.573217+00:00,10.335348900000099,310,364.0,240.0,,,336.0,240.0,28.0,LOST,-1.5499999999999998,0.0,1.6055000014603138,30.624682264162498,True,False
2026-09-17T06:23:15.607558+00:00,10.36969279999903,311,368.0,240.0,,,337.0,240.0,31.0,LOST,-1.5499999999999998,0.0,2.4859000113792717,29.117252264045355,True,False
2026-09-17T06:23:15.640418+00:00,10.402553199994145,312,372.0,240.0,,,338.0,240.0,34.0,LOST,-1.5499999999999998,0.0,1.9966999971074983,30.431765899034744,True,False
2026-09-17T06:23:15.673666+00:00,10.435799099999713,313,376.0,240.0,,,339.0,240.0,37.0,LOST,-1.5499999999999998,0.0,2.2797999990871176,30.078896941653742,True,False
2026-09-17T06:23:15.706874+00:00,10.469005299994024,314,380.0,240.0,,,340.0,240.0,40.0,LOST,-1.5499999999999998,0.0,2.2444000060204417,30.114858073833542,True,False
2026-09-17T06:23:15.739860+00:00,10.501986500006751,315,384.0,240.0,,,341.0,240.0,43.0,LOST,-1.5499999999999998,0.0,1.466200003051199,30.320303676460956,True,False
2026-09-17T06:23:15.773446+00:00,10.535575300003984,316,388.0,240.0,,,342.0,240.0,46.0,LOST,-1.5499999999999998,0.0,2.053100004559383,29.771828707259058,True,False
2026-09-17T06:23:15.808190+00:00,10.57031840000127,317,392.0,240.0,,,343.0,240.0,49.0,LOST,-1.5499999999999998,0.0,3.3897999965120107,28.78269354427565,True,False
2026-09-17T06:23:15.840828+00:00,10.602960599993821,318,396.0,240.0,,,344.0,240.0,52.0,LOST,-1.5499999999999998,0.0,2.39950000832323,30.635190037074313,True,False
2026-09-17T06:23:15.873082+00:00,10.635215400005109,319,400.0,240.0,,,345.0,240.0,55.0,LOST,-1.5499999999999998,0.0,1.7663000035099685,31.003137506667343,True,False
2026-09-17T06:23:15.906645+00:00,10.668739900007495,320,404.0,240.0,,,346.0,240.0,58.0,LOST,-1.5499999999999998,0.0,1.6267999890260398,29.828931078131717,True,False
2026-09-17T06:23:15.940353+00:00,10.702486499998486,321,408.0,240.0,,,347.0,240.0,61.0,LOST,-1.5499999999999998,0.0,2.2031999978935346,29.632614849109597,True,False
2026-09-17T06:23:15.974688+00:00,10.73681060000672,322,412.0,240.0,,,348.0,240.0,64.0,LOST,-1.5499999999999998,0.0,3.0368999869097024,29.134048664352427,True,False
2026-09-17T06:23:16.006455+00:00,10.768588299994008,323,416.0,240.0,,,349.0,240.0,67.0,LOST,-1.5499999999999998,0.0,1.6662000125506893,31.468608502189916,True,False
2026-09-17T06:23:16.040608+00:00,10.802743000007467,324,420.0,240.0,,,350.0,240.0,70.0,LOST,-1.5499999999999998,0.0,2.305700007127598,29.27854730405832,True,False
2026-09-17T06:23:16.073360+00:00,10.835480599998846,325,424.0,240.0,,,351.0,240.0,73.0,LOST,-1.5499999999999998,0.0,1.8063999887090176,30.545916629910423,True,False
2026-09-17T06:23:16.107639+00:00,10.869769600001746,326,428.0,240.0,,,352.0,240.0,76.0,LOST,-1.5499999999999998,0.0,2.7686000103130937,29.16387179315293,True,False
2026-09-17T06:23:16.141449+00:00,10.903577799996128,327,432.0,240.0,,,353.0,240.0,79.0,LOST,-1.5499999999999998,0.0,3.0504000023938715,29.578622942545284,True,False
2026-09-17T06:23:16.172919+00:00,10.935048800005461,328,436.0,240.0,,,354.0,240.0,82.0,LOST,-1.5499999999999998,0.0,1.4614000101573765,31.7752851737615,True,False
2026-09-17T06:23:16.206280+00:00,10.968414500006475,329,440.0,240.0,,,355.0,240.0,85.0,LOST,-1.5499999999999998,0.0,1.5690000000176951,29.970898256881334,True,False
2026-09-17T06:23:16.239916+00:00,11.002048900001682,330,444.0,240.0,444.0,240.0,444.0,240.0,0.0,RE-ACQUIRING,-1.383333333333333,0.0,1.8072999955620617,29.73146540870298,True,True
2026-09-17T06:23:16.273230+00:00,11.035366299998714,331,421.33333333333326,240.0,421.0,240.0,421.0,240.0,0.33333333333325754,TRACKING,-1.2166666666666663,0.0,1.8246999970870093,30.0143468604724,True,True
2026-09-17T06:23:16.306819+00:00,11.068953900001361,332,398.66666666666663,240.0,398.0,240.0,398.0,240.0,0.6666666666666288,TRACKING,-1.0499999999999996,0.0,2.065799999400042,29.772892374601934,True,True
2026-09-17T06:23:16.340158+00:00,11.102292800002033,333,375.99999999999994,240.0,375.0,240.0,375.0,240.0,0.9999999999999432,TRACKING,-0.883333333333333,0.0,1.7647000058786944,29.99499083592583,True,True
2026-09-17T06:23:16.373217+00:00,11.135354600002756,334,353.33333333333326,240.0,353.0,240.0,353.0,240.0,0.33333333333325754,TRACKING,-0.7166666666666663,0.0,1.8989000091096386,30.246387068402754,True,True
2026-09-17T06:23:16.409914+00:00,11.172021300008055,335,330.66666666666663,240.0,330.0,240.0,330.0,240.0,0.6666666666666288,TRACKING,-0.6541666666666663,0.0,3.8419999909820035,27.27270247542037,True,True
2026-09-17T06:23:16.440466+00:00,11.202599700001883,336,324.66666666666663,240.0,324.0,240.0,324.0,240.0,0.6666666666666288,TRACKING,-0.6291666666666663,0.0,2.0594999950844795,32.70282291427365,True,True
2026-09-17T06:23:16.474229+00:00,11.236363400006667,337,324.66666666666663,240.0,324.0,240.0,324.0,240.0,0.6666666666666288,TRACKING,-0.6041666666666663,0.0,2.77799999457784,29.617607070857915,True,True
2026-09-17T06:23:16.506734+00:00,11.268869699997595,338,324.66666666666663,240.0,324.0,240.0,324.0,240.0,0.6666666666666288,TRACKING,-0.5791666666666663,0.0,1.6657999949529767,30.763267436745814,True,True
2026-09-17T06:23:16.541016+00:00,11.303149700004724,339,324.66666666666663,240.0,324.0,240.0,324.0,240.0,0.6666666666666288,TRACKING,-0.5541666666666663,0.0,2.324500004760921,29.17152858203116,True,True
2026-09-17T06:23:16.573674+00:00,11.335806400005822,340,324.66666666666663,240.0,324.0,240.0,324.0,240.0,0.6666666666666288,TRACKING,-0.5291666666666662,0.0,2.184800003306009,30.621587605801288,True,True
2026-09-17T06:23:16.606744+00:00,11.36887960000604,341,324.66666666666663,240.0,324.0,240.0,324.0,240.0,0.6666666666666288,TRACKING,-0.5041666666666662,0.0,1.7728999955579638,30.235961442903413,True,True
2026-09-17T06:23:16.641203+00:00,11.403337800002191,342,324.66666666666663,240.0,324.0,240.0,324.0,240.0,0.6666666666666288,TRACKING,-0.4791666666666662,0.0,2.9052000027149916,29.020668523360843,True,True
2026-09-17T06:23:16.673790+00:00,11.435916899994481,343,324.6666666666666,240.0,324.0,240.0,324.0,240.0,0.6666666666665719,TRACKING,-0.45416666666666616,0.0,2.3748000094201416,30.69452502483649,True,True
2026-09-17T06:23:16.707146+00:00,11.469265000006999,344,324.6666666666666,240.0,324.0,240.0,324.0,240.0,0.6666666666665719,TRACKING,-0.42916666666666614,0.0,2.2692000056849793,29.9867158736072,True,True
2026-09-17T06:23:16.739653+00:00,11.501780799997505,345,324.6666666666666,240.0,324.0,240.0,324.0,240.0,0.6666666666665719,TRACKING,-0.4041666666666661,0.0,1.404099995852448,30.75427946696633,True,True
2026-09-17T06:23:16.773879+00:00,11.53601609999896,346,324.6666666666666,240.0,324.0,240.0,324.0,240.0,0.6666666666665719,TRACKING,-0.3791666666666661,0.0,2.1452999935718253,29.209616973050807,True,True
2026-09-17T06:23:16.808338+00:00,11.570470799997565,347,324.6666666666666,240.0,324.0,240.0,324.0,240.0,0.6666666666665719,TRACKING,-0.3541666666666661,0.0,3.2310000096913427,29.023616517934737,True,True
2026-09-17T06:23:16.840056+00:00,11.602188999997452,348,324.6666666666666,240.0,324.0,240.0,324.0,240.0,0.6666666666665719,TRACKING,-0.32916666666666605,0.0,2.0530999900074676,31.52764028234819,True,True
2026-09-17T06:23:16.873200+00:00,11.635334599995986,349,324.6666666666666,240.0,324.0,240.0,324.0,240.0,0.6666666666665719,TRACKING,-0.30416666666666603,0.0,1.7960999975912273,30.16991697372313,True,True
2026-09-17T06:23:16.906666+00:00,11.668802400003187,350,324.6666666666666,240.0,324.0,240.0,324.0,240.0,0.6666666666665719,TRACKING,-0.279166666666666,0.0,1.8361000111326575,29.87946622678563,True,True
2026-09-17T06:23:16.940765+00:00,11.702888600004371,351,324.6666666666666,240.0,324.0,240.0,324.0,240.0,0.6666666666665719,TRACKING,-0.254166666666666,0.0,2.6513000047998503,29.337385803206796,True,True
2026-09-17T06:23:16.973537+00:00,11.735671100002946,352,324.6666666666666,240.0,324.0,240.0,324.0,240.0,0.6666666666665719,TRACKING,-0.229166666666666,0.0,1.7600999999558553,30.504079922015283,True,True
2026-09-17T06:23:17.006246+00:00,11.768383000002359,353,324.6666666666666,240.0,324.0,240.0,324.0,240.0,0.6666666666665719,TRACKING,-0.204166666666666,0.0,1.560900011099875,30.569914924475604,True,True
2026-09-17T06:23:17.039970+00:00,11.802100700006122,354,324.6666666666666,240.0,324.0,240.0,324.0,240.0,0.6666666666665719,TRACKING,-0.179166666666666,0.0,1.8871000065701082,29.658013443633607,True,True
2026-09-17T06:23:17.073528+00:00,11.83566549999523,355,324.6666666666666,240.0,324.0,240.0,324.0,240.0,0.6666666666665719,TRACKING,-0.154166666666666,0.0,1.790199996321462,29.793116608009186,True,True
2026-09-17T06:23:17.107321+00:00,11.869455499996548,356,324.6666666666666,240.0,324.0,240.0,324.0,240.0,0.6666666666665719,TRACKING,-0.129166666666666,0.0,2.591500000562519,29.594554600799043,True,True
2026-09-17T06:23:17.140496+00:00,11.902628800002276,357,324.6666666666666,240.0,324.0,240.0,324.0,240.0,0.6666666666665719,TRACKING,-0.10416666666666602,0.0,2.481699993950315,30.144724818674042,True,True
2026-09-17T06:23:17.174388+00:00,11.936514500004705,358,324.6666666666666,240.0,324.0,240.0,324.0,240.0,0.6666666666665719,TRACKING,-0.07916666666666602,0.0,3.072099993005395,29.51097365343834,True,True
2026-09-17T06:23:17.207521+00:00,11.969655499997316,359,324.6666666666666,240.0,324.0,240.0,324.0,240.0,0.6666666666665719,TRACKING,-0.05416666666666602,0.0,2.164899997296743,30.1741045901741,True,True
2026-09-17T06:23:17.240223+00:00,12.002360900005442,360,324.6666666666666,240.0,324.0,240.0,324.0,240.0,0.6666666666665719,TRACKING,-0.029166666666666022,0.0,1.6761000006226823,30.57599050161547,True,True
2026-09-17T06:23:17.273726+00:00,12.035861299998942,361,324.6666666666666,240.0,324.0,240.0,324.0,240.0,0.6666666666665719,TRACKING,-0.00416666666666602,0.0,2.2197000071173534,29.850389851883417,True,True
2026-09-17T06:23:17.307907+00:00,12.070012600001064,362,324.6666666666666,240.0,324.0,240.0,324.0,240.0,0.6666666666665719,TRACKING,0.02083333333333398,0.0,2.9187000036472455,29.281462197276706,True,True
2026-09-17T06:23:17.339812+00:00,12.10194649999903,363,324.6666666666666,240.0,324.0,240.0,324.0,240.0,0.6666666666665719,TRACKING,0.04583333333333398,0.0,1.7920999962370843,31.314684396947527,True,True
2026-09-17T06:23:17.374275+00:00,12.136406599995098,364,324.6666666666666,240.0,324.0,240.0,324.0,240.0,0.6666666666665719,TRACKING,0.07083333333333398,0.0,2.358400000957772,29.019068433176777,True,True
2026-09-17T06:23:17.406992+00:00,12.169126199994935,365,324.6666666666666,240.0,324.0,240.0,324.0,240.0,0.6666666666665719,TRACKING,0.09583333333333399,0.0,1.975000006495975,30.56272081581048,True,True
2026-09-17T06:23:17.440874+00:00,12.203009100005147,366,324.6666666666666,240.0,324.0,240.0,324.0,240.0,0.6666666666665719,TRACKING,0.12083333333333399,0.0,2.4073000095086172,29.513412361356302,True,True
2026-09-17T06:23:17.473335+00:00,12.235467999998946,367,324.6666666666666,240.0,324.0,240.0,324.0,240.0,0.6666666666665719,TRACKING,0.14583333333333398,0.0,2.0385999960126355,30.808191287783966,True,True
2026-09-17T06:23:17.507541+00:00,12.26967209999566,368,324.6666666666666,240.0,324.0,240.0,324.0,240.0,0.6666666666665719,TRACKING,0.17083333333333398,0.0,2.453699999023229,29.2362611527879,True,True
2026-09-17T06:23:17.540101+00:00,12.302236500006984,369,324.6666666666666,240.0,324.0,240.0,324.0,240.0,0.6666666666665719,TRACKING,0.19583333333333397,0.0,1.9437000009929761,30.70838092064489,True,True
2026-09-17T06:23:17.573383+00:00,12.335515099999611,370,324.6666666666666,240.0,324.0,240.0,324.0,240.0,0.6666666666665719,TRACKING,0.22083333333333396,0.0,2.058099998976104,30.049341024608772,True,True
2026-09-17T06:23:17.607327+00:00,12.369463199996972,371,324.6666666666666,240.0,324.0,240.0,324.0,240.0,0.6666666666665719,TRACKING,0.24583333333333396,0.0,2.4521000013919547,29.45672953943691,True,True
2026-09-17T06:23:17.641349+00:00,12.403477600004408,372,324.6666666666666,240.0,324.0,240.0,324.0,240.0,0.6666666666665719,TRACKING,0.270833333333334,0.0,2.9947000002721325,29.399313225615774,True,True
2026-09-17T06:23:17.673004+00:00,12.435138300003018,373,324.6666666666666,240.0,324.0,240.0,324.0,240.0,0.6666666666665719,TRACKING,0.295833333333334,0.0,1.4561999996658415,31.584898629653875,True,True
2026-09-17T06:23:17.706480+00:00,12.468614199999138,374,324.6666666666666,240.0,324.0,240.0,324.0,240.0,0.6666666666665719,TRACKING,0.320833333333334,0.0,1.4233999972930178,29.872236448188627,True,True
2026-09-17T06:23:17.739998+00:00,12.502127900006599,375,324.6666666666666,240.0,324.0,240.0,324.0,240.0,0.6666666666665719,TRACKING,0.34583333333333405,0.0,1.9503000075928867,29.838543633719173,True,True
2026-09-17T06:23:17.773798+00:00,12.535930600002757,376,324.6666666666666,240.0,324.0,240.0,324.0,240.0,0.6666666666665719,TRACKING,0.37083333333333407,0.0,2.0255999988876283,29.58343564607695,True,True
2026-09-17T06:23:17.808543+00:00,12.570674500006135,377,324.6666666666666,240.0,324.0,240.0,324.0,240.0,0.6666666666665719,TRACKING,0.3958333333333341,0.0,3.532300004735589,28.78203079973155,True,True
2026-09-17T06:23:17.839750+00:00,12.601886899996316,378,324.6666666666665,240.0,324.0,240.0,324.0,240.0,0.6666666666665151,TRACKING,0.4208333333333341,0.0,1.4372000005096197,32.03854879197282,True,True
2026-09-17T06:23:17.873650+00:00,12.635783499994432,379,324.6666666666665,240.0,324.0,240.0,324.0,240.0,0.6666666666665151,TRACKING,0.44583333333333414,0.0,2.1459999989019707,29.501483926281505,True,True
2026-09-17T06:23:17.906581+00:00,12.6687166000047,380,324.6666666666665,240.0,324.0,240.0,324.0,240.0,0.6666666666665151,TRACKING,0.47083333333333416,0.0,1.9309000053908676,30.364587593885926,True,True
2026-09-17T06:23:17.940663+00:00,12.702799000006053,381,324.6666666666665,240.0,324.0,240.0,324.0,240.0,0.6666666666665151,TRACKING,0.4958333333333342,0.0,2.2868999949423596,29.34065676009648,True,True
2026-09-17T06:23:17.974881+00:00,12.737015100006829,382,324.6666666666665,240.0,324.0,240.0,324.0,240.0,0.6666666666665151,TRACKING,0.5208333333333341,0.0,3.4358999982941896,29.22600763901527,True,True
2026-09-17T06:23:18.007076+00:00,12.769203200004995,383,324.6666666666665,240.0,324.0,240.0,324.0,240.0,0.6666666666665151,TRACKING,0.5458333333333342,0.0,2.2591000015381724,31.067382046687506,True,True
2026-09-17T06:23:18.040361+00:00,12.802488700006506,384,324.6666666666665,240.0,324.0,240.0,324.0,240.0,0.6666666666665151,TRACKING,0.5708333333333342,0.0,2.37199998809956,30.043111864162736,True,True
2026-09-17T06:23:18.073570+00:00,12.835705100005725,385,324.6666666666665,240.0,324.0,240.0,324.0,240.0,0.6666666666665151,TRACKING,0.5958333333333342,0.0,2.0952000049874187,30.10561048227721,True,True
2026-09-17T06:23:18.107037+00:00,12.869170699996175,386,324.6666666666665,240.0,324.0,240.0,324.0,240.0,0.6666666666665151,TRACKING,0.6208333333333342,0.0,2.207600002293475,29.881430492367453,True,True
2026-09-17T06:23:18.141782+00:00,12.9039180999971,387,324.6666666666665,240.0,324.0,240.0,324.0,240.0,0.6666666666665151,TRACKING,0.6458333333333343,0.0,3.31729999743402,28.779131675273575,True,True
2026-09-17T06:23:18.173829+00:00,12.935955799999647,388,324.6666666666665,240.0,324.0,240.0,324.0,240.0,0.6666666666665151,TRACKING,0.6708333333333343,0.0,2.1318999934010208,31.213226914556564,True,True
2026-09-17T06:23:18.208594+00:00,12.97072389999812,389,324.6666666666665,240.0,324.0,240.0,324.0,240.0,0.6666666666665151,TRACKING,0.6958333333333343,0.0,3.2235999969998375,28.7619973494069,True,True
2026-09-17T06:23:18.239851+00:00,13.001985499999137,390,324.6666666666665,240.0,324.0,240.0,324.0,240.0,0.6666666666665151,TRACKING,0.7208333333333343,0.0,1.586200000019744,31.98812600658571,True,True
2026-09-17T06:23:18.273746+00:00,13.035880800001905,391,324.6666666666665,240.0,324.0,240.0,324.0,240.0,0.6666666666665151,TRACKING,0.7458333333333343,0.0,2.0783000072697178,29.502615404445987,True,True
2026-09-17T06:23:18.306961+00:00,13.069097300001886,392,324.6666666666665,240.0,324.0,240.0,324.0,240.0,0.6666666666665151,TRACKING,0.7708333333333344,0.0,1.9346000044606626,30.105519847081684,True,True
2026-09-17T06:23:18.340530+00:00,13.102650800006813,393,324.6666666666665,240.0,324.0,240.0,324.0,240.0,0.6666666666665151,TRACKING,0.7958333333333344,0.0,2.215000000433065,29.803150188598543,True,True
2026-09-17T06:23:18.374331+00:00,13.136458499997389,394,324.6666666666665,240.0,324.0,240.0,324.0,240.0,0.6666666666665151,TRACKING,0.8208333333333344,0.0,2.4744999973336235,29.579060399813553,True,True
2026-09-17T06:23:18.407568+00:00,13.169702900006087,395,324.6666666666665,240.0,324.0,240.0,324.0,240.0,0.6666666666665151,TRACKING,0.8458333333333344,0.0,2.3419000062858686,30.080254110116655,True,True
2026-09-17T06:23:18.440792+00:00,13.202926099998876,396,324.6666666666665,240.0,324.0,240.0,324.0,240.0,0.6666666666665151,TRACKING,0.8708333333333345,0.0,2.3686000058660284,30.099448584634246,True,True
2026-09-17T06:23:18.474719+00:00,13.236855499999365,397,324.6666666666665,240.0,324.0,240.0,324.0,240.0,0.6666666666665151,TRACKING,0.8958333333333345,0.0,2.9082999972160906,29.472964449286042,True,True
2026-09-17T06:23:18.507132+00:00,13.269265099996119,398,324.6666666666665,240.0,324.0,240.0,324.0,240.0,0.6666666666665151,TRACKING,0.9208333333333345,0.0,2.2084999945946038,30.855055295349416,True,True
2026-09-17T06:23:18.540754+00:00,13.30287529999623,399,324.6666666666665,240.0,324.0,240.0,324.0,240.0,0.6666666666665151,TRACKING,0.9458333333333345,0.0,2.3172999935923144,29.75287263975428,True,True
2026-09-17T06:23:18.573904+00:00,13.336032299994258,400,324.6666666666665,240.0,324.0,240.0,324.0,240.0,0.6666666666665151,TRACKING,0.9708333333333345,0.0,2.1007000032113865,30.159543989489126,True,True
2026-09-17T06:23:18.606901+00:00,13.369034400006058,401,324.66666666666646,240.0,324.0,240.0,324.0,240.0,0.6666666666664582,TRACKING,0.9958333333333346,0.0,2.084500010823831,30.30110204024782,True,True
2026-09-17T06:23:18.641370+00:00,13.403500300002634,402,324.66666666666646,240.0,324.0,240.0,324.0,240.0,0.6666666666664582,TRACKING,1.0208333333333346,0.0,2.9515999922296032,29.014185037946127,True,True
2026-09-17T06:23:18.673039+00:00,13.435161300003529,403,324.66666666666646,240.0,324.0,240.0,324.0,240.0,0.6666666666664582,TRACKING,1.0458333333333345,0.0,1.5608999965479597,31.584599348464412,True,True
2026-09-17T06:23:18.707439+00:00,13.46957349999866,404,324.6666666666665,240.0,324.0,240.0,324.0,240.0,0.6666666666665151,TRACKING,1.0708333333333344,0.0,2.381099999183789,29.059461474171478,True,True
2026-09-17T06:23:18.740351+00:00,13.502488199999789,405,324.6666666666665,240.0,324.0,240.0,324.0,240.0,0.6666666666665151,TRACKING,1.0958333333333343,0.0,1.8696000042837113,30.381562036588537,True,True
2026-09-17T06:23:18.773891+00:00,13.536028000002261,406,324.6666666666665,240.0,324.0,240.0,324.0,240.0,0.6666666666665151,TRACKING,1.1208333333333342,0.0,2.141400007531047,29.815323881665435,True,True
2026-09-17T06:23:18.807354+00:00,13.569483900006162,407,324.6666666666665,240.0,324.0,240.0,324.0,240.0,0.6666666666665151,TRACKING,1.1458333333333341,0.0,2.6126000011572614,29.890094120421395,True,True
2026-09-17T06:23:18.840788+00:00,13.602905699997791,408,324.6666666666665,240.0,324.0,240.0,324.0,240.0,0.6666666666665151,TRACKING,1.170833333333334,0.0,2.4676999892108142,29.9205907596378,True,True
2026-09-17T06:23:18.873829+00:00,13.635960700004944,409,324.6666666666665,240.0,324.0,240.0,324.0,240.0,0.6666666666665151,TRACKING,1.195833333333334,0.0,2.319000006536953,30.252609281004887,True,True
2026-09-17T06:23:18.906992+00:00,13.66912950000551,410,324.6666666666666,240.0,324.0,240.0,324.0,240.0,0.6666666666665719,TRACKING,1.2208333333333339,0.0,1.7869000002974644,30.148814548096585,True,True
2026-09-17T06:23:18.940904+00:00,13.703030200005742,411,324.6666666666666,240.0,324.0,240.0,324.0,240.0,0.6666666666665719,TRACKING,1.2458333333333338,0.0,2.6739000022644177,29.49791597203543,True,True
2026-09-17T06:23:18.974758+00:00,13.73688700000639,412,324.66666666666663,240.0,324.0,240.0,324.0,240.0,0.6666666666666288,TRACKING,1.2708333333333337,0.0,3.2105999998748302,29.53616407873256,True,True
2026-09-17T06:23:19.006404+00:00,13.768541400000686,413,324.66666666666663,240.0,324.0,240.0,324.0,240.0,0.6666666666666288,TRACKING,1.2958333333333336,0.0,1.4213999966159463,31.591184801488097,True,True
2026-09-17T06:23:19.039691+00:00,13.801827600007528,414,324.66666666666663,240.0,324.0,240.0,324.0,240.0,0.6666666666666288,TRACKING,1.3208333333333335,0.0,1.406199997290969,30.042480060639512,True,True
2026-09-17T06:23:19.073574+00:00,13.835705200006487,415,324.66666666666663,240.0,324.0,240.0,324.0,240.0,0.6666666666666288,TRACKING,1.3458333333333334,0.0,1.8659000052139163,29.51802961339405,True,True
2026-09-17T06:23:19.107086+00:00,13.869220599997789,416,324.66666666666663,240.0,324.0,240.0,324.0,240.0,0.6666666666666288,TRACKING,1.3708333333333333,0.0,2.3108000023057684,29.83703014911139,True,True
2026-09-17T06:23:19.140896+00:00,13.903020900004776,417,324.66666666666663,240.0,324.0,240.0,324.0,240.0,0.6666666666666288,TRACKING,1.3958333333333333,0.0,2.569900010712445,29.585536216935065,True,True
2026-09-17T06:23:19.173984+00:00,13.936113500007195,418,324.6666666666667,240.0,324.0,240.0,324.0,240.0,0.6666666666666856,TRACKING,1.4208333333333332,0.0,2.3068000009516254,30.21823609891323,True,True
2026-09-17T06:23:19.206528+00:00,13.968662800005404,419,324.6666666666667,240.0,324.0,240.0,324.0,240.0,0.6666666666666856,TRACKING,1.445833333333333,0.0,1.6174000047612935,30.7226269091817,True,True
2026-09-17T06:23:19.240652+00:00,14.0027870000049,420,324.66666666666674,240.0,324.0,240.0,324.0,240.0,0.6666666666667425,TRACKING,1.470833333333333,0.0,2.2855000133858994,29.304716301474016,True,True
2026-09-17T06:23:19.273842+00:00,14.035975699996925,421,324.66666666666674,240.0,324.0,240.0,324.0,240.0,0.6666666666667425,TRACKING,1.495833333333333,0.0,2.176800000597723,30.13073727625103,True,True
2026-09-17T06:23:19.306575+00:00,14.06852319999598,422,324.66666666666674,240.0,324.0,240.0,324.0,240.0,0.6666666666667425,TRACKING,1.5208333333333328,0.0,1.5808000025572255,30.724325985991044,True,True
2026-09-17T06:23:19.339469+00:00,14.101606500000344,423,324.66666666666674,240.0,324.0,240.0,324.0,240.0,0.6666666666667425,TRACKING,1.5458333333333327,0.0,1.3983000098960474,30.226730703046275,True,True
2026-09-17T06:23:19.372688+00:00,14.134820999999647,424,324.66666666666674,240.0,324.0,240.0,324.0,240.0,0.6666666666667425,TRACKING,1.5708333333333326,0.0,1.418500003637746,30.107332641496143,True,True
2026-09-17T06:23:19.406290+00:00,14.168425700001535,425,324.66666666666674,240.0,324.0,240.0,324.0,240.0,0.6666666666667425,TRACKING,1.5958333333333325,0.0,1.6106999973999336,29.757742218910394,True,True
2026-09-17T06:23:19.441669+00:00,14.203792300002533,426,324.6666666666668,240.0,324.0,240.0,324.0,240.0,0.6666666666667993,TRACKING,1.6208333333333325,0.0,2.5676999939605594,28.275265362567538,True,True
2026-09-17T06:23:19.472779+00:00,14.234917399997357,427,324.6666666666668,240.0,324.0,240.0,324.0,240.0,0.6666666666667993,TRACKING,1.6458333333333324,0.0,1.4894000050844625,32.12841083775756,True,True
2026-09-17T06:23:19.507104+00:00,14.269231400001445,428,324.6666666666668,240.0,324.0,240.0,324.0,240.0,0.6666666666667993,TRACKING,1.6708333333333323,0.0,2.3652999952901155,29.14262399839358,True,True
2026-09-17T06:23:19.540535+00:00,14.302669099997729,429,324.66666666666686,240.0,324.0,240.0,324.0,240.0,0.6666666666668561,TRACKING,1.6958333333333322,0.0,2.264499999000691,29.906363180216516,True,True
2026-09-17T06:23:19.573221+00:00,14.33535710000433,430,324.66666666666686,240.0,324.0,240.0,324.0,240.0,0.6666666666668561,TRACKING,1.720833333333332,0.0,1.8445000023348257,30.592266268907668,True,True
2026-09-17T06:23:19.607738+00:00,14.369873999996344,431,324.66666666666686,240.0,324.0,240.0,324.0,240.0,0.6666666666668561,TRACKING,1.745833333333332,0.0,2.8375999972922727,28.971315507226425,True,True
2026-09-17T06:23:19.640187+00:00,14.402316899999278,432,324.66666666666686,240.0,324.0,240.0,324.0,240.0,0.6666666666668561,TRACKING,1.770833333333332,0.0,2.0560000120894983,30.823385083009317,True,True
2026-09-17T06:23:19.673138+00:00,14.435274400006165,433,324.6666666666669,240.0,324.0,240.0,324.0,240.0,0.666666666666913,TRACKING,1.7958333333333318,0.0,1.4448000001721084,30.34210725300857,True,True
2026-09-17T06:23:19.707047+00:00,14.469182000000728,434,324.6666666666669,240.0,324.0,240.0,324.0,240.0,0.666666666666913,TRACKING,1.8208333333333317,0.0,2.1102000027894974,29.4919133220969,True,True
2026-09-17T06:23:19.740098+00:00,14.502235799998743,435,316.6666666666669,240.0,316.0,240.0,316.0,240.0,0.666666666666913,TRACKING,1.7958333333333318,0.0,1.5128999948501587,30.253707593682076,True,True
2026-09-17T06:23:19.773980+00:00,14.536112999994657,436,316.6666666666669,240.0,316.0,240.0,316.0,240.0,0.666666666666913,TRACKING,1.770833333333332,0.0,2.416499992250465,29.518378145792024,True,True
2026-09-17T06:23:19.807315+00:00,14.56945110000379,437,316.6666666666669,240.0,316.0,240.0,316.0,240.0,0.666666666666913,TRACKING,1.745833333333332,0.0,2.4612999986857176,29.995710605165677,True,True
2026-09-17T06:23:19.840361+00:00,14.602496199993766,438,316.66666666666686,240.0,316.0,240.0,316.0,240.0,0.6666666666668561,TRACKING,1.720833333333332,0.0,2.1726999984821305,30.261672692874914,True,True
2026-09-17T06:23:19.873246+00:00,14.635380299994722,439,316.66666666666686,240.0,316.0,240.0,316.0,240.0,0.6666666666668561,TRACKING,1.6958333333333322,0.0,1.7759999900590628,30.409833322819395,True,True
2026-09-17T06:23:19.906793+00:00,14.668924400000833,440,316.66666666666686,240.0,316.0,240.0,316.0,240.0,0.6666666666668561,TRACKING,1.6708333333333323,0.0,1.8803999992087483,29.81150186822192,True,True
2026-09-17T06:23:19.940944+00:00,14.703080499995849,441,316.66666666666686,240.0,316.0,240.0,316.0,240.0,0.6666666666668561,TRACKING,1.6458333333333324,0.0,2.5547999975970015,29.277347242393446,True,True
2026-09-17T06:23:19.976577+00:00,14.73871269999654,442,316.6666666666668,240.0,316.0,240.0,316.0,240.0,0.6666666666667993,TRACKING,1.6208333333333325,0.0,4.96489999932237,28.064503454195954,True,True
2026-09-17T06:23:20.006683+00:00,14.768790899994201,443,316.6666666666668,240.0,316.0,240.0,316.0,240.0,0.6666666666667993,TRACKING,1.5958333333333325,0.0,1.6929999983403832,33.24667034855057,True,True
2026-09-17T06:23:20.039884+00:00,14.802018899994437,444,316.6666666666668,240.0,316.0,240.0,316.0,240.0,0.6666666666667993,TRACKING,1.5708333333333326,0.0,1.501299993833527,30.09510051742232,True,True
2026-09-17T06:23:20.073468+00:00,14.835603100000299,445,316.66666666666674,240.0,316.0,240.0,316.0,240.0,0.6666666666667425,TRACKING,1.5458333333333327,0.0,2.179300005082041,29.775906522277015,True,True
2026-09-17T06:23:20.107304+00:00,14.869440199996461,446,316.66666666666674,240.0,316.0,240.0,316.0,240.0,0.6666666666667425,TRACKING,1.5208333333333328,0.0,2.6511000032769516,29.553360072624685,True,True
2026-09-17T06:23:20.141281+00:00,14.903416500004823,447,316.66666666666674,240.0,316.0,240.0,316.0,240.0,0.6666666666667425,TRACKING,1.495833333333333,0.0,2.835499995853752,29.432280729622782,True,True
2026-09-17T06:23:20.173706+00:00,14.935842000006232,448,316.66666666666674,240.0,316.0,240.0,316.0,240.0,0.6666666666667425,TRACKING,1.470833333333333,0.0,1.9598999933805317,30.839925366040422,True,True
2026-09-17T06:23:20.206706+00:00,14.968840700006695,449,316.66666666666674,240.0,316.0,240.0,316.0,240.0,0.6666666666667425,TRACKING,1.445833333333333,0.0,1.528999986476265,30.30422410537372,True,True
