metric,value
simulation_time_s,1.0666666666666667
frame,32
target_id,TGT-01
target_signature,GREEN-SQUARE
target_color,GREEN
target_shape,SQUARE
target_count,1
state,PREDICTING
target_x_px,14.0
target_y_px,141.0
predicted_x_px,16.0
predicted_y_px,141.0
pan_deg,-1.1666666666666665
tilt_deg,-1.1666666666666665
center_error_px,321.6162309337015
centroid_error_px,
fps,110.62464945783722
detector_confidence,0.0
ai_confidence,0.0
signature_score,0.0
acquisition_time_s,
average_tracking_error_px,
maximum_tracking_error_px,
rmse_tracking_error_px,
lock_retention_percentage,0.0
target_loss_percentage,0.0
loss_events,0
reacquisition_count,0
forced_loss_reacq_s,
forced_loss_last_duration_s,
average_reacquisition_s,
noise,None
noise_level,10
turbulence_enabled,False
turbulence_strength_px,10.0
camera_jitter_enabled,False
camera_jitter_px,5.0
platform_motion_enabled,False
platform_motion_px,10.0
atmosphere,Clear
atmosphere_level,25
link_ready,False
report_type,point_in_time_fsoc_performance
generated_at,2026-09-28T23:53:06+05:30
