Metric,Value
frames_processed,154
duration_s,48.57338710001204
fps,3.170460393937853
acquisition_time_s,0.43333333333333335
average_tracking_error_px,1.7162715409057323
maximum_tracking_error_px,5.385164807134504
rmse_tracking_error_px,1.846198988252716
average_centroid_error_px,0.38595060221476696
maximum_centroid_error_px,0.6729723888538734
lock_retention_percentage,100.0
target_loss_percentage,0.0
target_loss_events,0
successful_reacquisitions,0
average_reacquisition_time_s,
average_processing_time_ms,7.5105966806101305
max_processing_time_ms,9.273300063796341
ground_truth_available,True
source,live simulation
maximum_reacquisition_time_s,
metadata,{}
ps_requirement_check,"{""checks"": {""acquisition_time"": {""requirement"": ""<= 2.0 s"", ""status"": ""PASS"", ""value"": 0.43333333333333335}, ""processing_speed"": {""requirement"": "">= 20 FPS"", ""status"": ""FAIL"", ""value"": 3.170460393937853}, ""reacquisition_time"": {""basis"": ""average observed"", ""requirement"": ""<= 1.0 s"", ""status"": ""PENDING"", ""value"": null}, ""target_loss"": {""requirement"": ""< 5%"", ""status"": ""PASS"", ""value"": 0.0}, ""tracking_error"": {""requirement"": ""<= 10 px"", ""status"": ""PASS"", ""value"": 5.385164807134504}}, ""overall"": ""FAIL""}"
generated_utc,2026-09-23T14:59:19.833552+00:00
