frame,timestamp_s,source_fps,detected,target_x,target_y,predicted_x,predicted_y,center_error_px,centroid_error_px,pan_deg,tilt_deg,fps_running,state,filter_confidence,detector_confidence,ai_confidence,signature_score,acquisition_s,loss_event,reacquisition_event,reacquisition_time_s,link_ready
1,0.000000,30.000,1,90.000,240.000,90.000,240.000,230.000,3.162,0.00000,0.00000,94.718,ACQUIRING,0.41421,0.68583,0.94424,0.00000,,0,0,,0
2,0.033333,30.000,1,93.000,241.000,94.261,241.754,214.667,3.162,-0.16667,0.01644,25.129,TRACKING,0.44277,0.72890,0.94428,0.00000,0.03333,0,0,,0
3,0.066667,30.000,1,96.000,242.000,98.753,242.918,210.669,3.162,-0.33333,0.04380,23.972,TRACKING,0.44738,0.72588,0.94435,0.00000,0.03333,0,0,,0
4,0.100000,30.000,1,99.000,243.000,101.914,243.971,207.672,3.162,-0.50000,0.08103,25.398,TRACKING,0.46062,0.72686,0.94435,0.00000,0.03333,0,0,,0
5,0.133333,30.000,1,102.000,244.000,104.977,244.992,204.676,3.162,-0.66667,0.12783,24.310,TRACKING,0.47275,0.72785,0.94433,0.00000,0.03333,0,0,,0
6,0.166667,30.000,1,105.000,245.000,108.004,246.001,201.682,3.162,-0.83333,0.18409,25.516,TRACKING,0.48079,0.72846,0.94433,0.00000,0.03333,0,0,,0
7,0.200000,30.000,1,108.000,246.000,111.014,247.005,198.689,3.162,-1.00000,0.24976,26.157,TRACKING,0.48486,0.72973,0.94429,0.00000,0.03333,0,0,,0
8,0.233333,30.000,1,111.000,247.000,114.015,248.005,195.698,4.123,-1.16667,0.32481,25.608,TRACKING,0.48637,0.72999,0.94429,0.00000,0.03333,0,0,,0
9,0.266667,30.000,1,115.000,248.000,118.146,249.004,191.708,3.000,-1.33333,0.40922,26.220,TRACKING,0.48674,0.72516,0.94431,0.00000,0.03333,0,0,,0
10,0.300000,30.000,1,118.000,248.000,121.171,248.869,188.709,3.162,-1.50000,0.49237,25.637,TRACKING,0.48678,0.72915,0.94431,0.00000,0.03333,0,0,,0
11,0.333333,30.000,1,121.000,249.000,124.145,249.838,185.721,3.162,-1.66667,0.58460,26.072,TRACKING,0.48678,0.73034,0.94431,0.00000,0.03333,0,0,,0
12,0.366667,30.000,1,124.000,250.000,127.101,250.861,182.735,3.162,-1.83333,0.68642,26.506,TRACKING,0.48679,0.73058,0.94431,0.00000,0.03333,0,0,,0
13,0.400000,30.000,1,126.000,251.000,129.925,251.902,179.751,4.123,-2.00000,0.79800,26.090,TRACKING,0.48681,0.73643,0.94404,0.00000,0.03333,0,0,,0
14,0.433333,30.000,1,129.000,252.000,131.864,252.942,177.768,4.123,-2.16667,0.91933,26.365,TRACKING,0.48682,0.73392,0.94404,0.00000,0.03333,0,0,,0
15,0.466667,30.000,1,132.000,253.000,134.867,253.972,174.788,4.123,-2.33333,1.05032,26.018,TRACKING,0.48683,0.73282,0.94401,0.00000,0.03333,0,0,,0
16,0.500000,30.000,1,135.000,254.000,137.898,254.992,171.809,4.123,-2.50000,1.19087,26.340,TRACKING,0.48683,0.73179,0.94401,0.00000,0.03333,0,0,,0
17,0.533333,30.000,1,138.000,255.000,140.934,256.003,168.833,4.123,-2.66667,1.34090,26.040,TRACKING,0.48683,0.73149,0.94403,0.00000,0.03333,0,0,,0
18,0.566667,30.000,1,141.000,256.000,143.965,257.007,165.860,4.123,-2.83333,1.50033,26.305,TRACKING,0.48683,0.73144,0.94403,0.00000,0.03333,0,0,,0
19,0.600000,30.000,1,144.000,257.000,146.987,258.007,162.889,4.000,-3.00000,1.66700,26.566,TRACKING,0.48683,0.73157,0.94403,0.00000,0.03333,0,0,,0
20,0.633333,30.000,1,147.000,257.000,149.999,257.872,159.893,4.123,-3.16667,1.83367,26.206,TRACKING,0.48683,0.73142,0.94401,0.00000,0.03333,0,0,,0
21,0.666667,30.000,1,150.000,258.000,153.005,258.841,156.925,4.123,-3.33333,2.00033,26.430,TRACKING,0.48683,0.73149,0.94401,0.00000,0.03333,0,0,,0
22,0.700000,30.000,1,153.000,259.000,156.006,259.862,153.960,4.123,-3.50000,2.16700,26.133,TRACKING,0.48683,0.73116,0.94403,0.00000,0.03333,0,0,,0
23,0.733333,30.000,1,156.000,260.000,159.006,260.902,150.998,5.099,-3.66667,2.33367,26.342,TRACKING,0.48683,0.73099,0.94403,0.00000,0.03333,0,0,,0
24,0.766667,30.000,1,160.000,261.000,163.137,261.942,147.042,4.123,-3.83333,2.50033,26.548,TRACKING,0.48683,0.72598,0.94403,0.00000,0.03333,0,0,,0
25,0.800000,30.000,1,163.000,260.000,166.165,261.706,144.050,4.472,-4.00000,2.66700,26.296,TRACKING,0.48683,0.72803,0.94416,0.00000,0.03333,0,0,,0
26,0.833333,30.000,1,166.000,260.000,169.141,261.533,141.058,5.000,-4.16667,2.83367,26.508,TRACKING,0.48683,0.72986,0.94416,0.00000,0.03333,0,0,,0
27,0.866667,30.000,1,169.000,261.000,172.099,261.560,138.067,5.000,-4.33333,3.00033,26.251,TRACKING,0.48683,0.73113,0.94416,0.00000,0.03333,0,0,,0
28,0.900000,30.000,1,173.000,262.000,176.192,262.670,134.119,4.243,-4.50000,3.16700,26.451,TRACKING,0.48683,0.72868,0.94419,0.00000,0.03333,0,0,,0
29,0.933333,30.000,1,176.000,263.000,179.190,263.792,131.172,4.243,-4.66667,3.33367,26.222,TRACKING,0.48683,0.73070,0.94419,0.00000,0.03333,0,0,,0
30,0.966667,30.000,1,179.000,265.000,182.147,265.026,128.229,3.162,-4.83333,3.50033,26.401,TRACKING,0.48683,0.72525,0.94408,0.00000,0.03333,0,0,,0
31,1.000000,30.000,1,183.000,265.000,186.229,265.991,124.297,2.828,-5.00000,3.66700,26.191,TRACKING,0.48683,0.72986,0.94409,0.00000,0.03333,0,0,,0
32,1.033333,30.000,1,186.000,266.000,189.214,266.977,135.391,2.828,-5.00000,3.75000,26.324,TRACKING,0.48683,0.73271,0.94409,0.00000,0.03333,0,0,,0
33,1.066667,30.000,1,189.000,267.000,192.160,267.976,133.754,2.828,-5.00000,3.75000,26.458,TRACKING,0.48683,0.73393,0.94408,0.00000,0.03333,0,0,,0
34,1.100000,30.000,1,191.000,268.000,194.967,268.981,131.027,3.162,-5.00000,3.75000,26.282,TRACKING,0.48683,0.73544,0.94409,0.00000,0.03333,0,0,,0
35,1.133333,30.000,1,195.000,268.000,198.022,268.854,128.098,2.828,-5.00000,3.75000,26.427,TRACKING,0.48683,0.73227,0.94408,0.00000,0.03333,0,0,,0
36,1.166667,30.000,1,197.000,268.000,199.908,269.697,126.372,4.243,-5.00000,3.75000,26.558,TRACKING,0.48683,0.73497,0.94406,0.00000,0.03333,0,0,,0
37,1.200000,30.000,1,201.000,270.000,204.011,270.828,122.723,2.236,-5.00000,3.75000,26.364,TRACKING,0.48683,0.72827,0.94354,0.00000,0.03333,0,0,,0
38,1.233333,30.000,1,203.000,271.000,205.521,271.924,121.037,4.123,-5.00000,3.75000,26.505,TRACKING,0.48683,0.73211,0.94360,0.00000,0.03333,0,0,,0
39,1.266667,30.000,1,208.000,271.000,210.565,271.450,117.175,2.828,-5.00000,3.75000,26.354,TRACKING,0.48683,0.72426,0.94383,0.00000,0.03333,0,0,,0
40,1.300000,30.000,1,211.000,272.000,214.237,272.851,113.600,2.236,-5.00000,3.75000,26.474,TRACKING,0.48683,0.72826,0.94383,0.00000,0.03333,0,0,,0
41,1.333333,30.000,1,214.000,272.000,217.216,272.751,110.725,2.828,-5.00000,3.75000,26.589,TRACKING,0.48683,0.73188,0.94383,0.00000,0.03333,0,0,,0
42,1.366667,30.000,1,217.000,273.000,220.159,273.762,108.157,2.828,-5.00000,3.75000,26.440,TRACKING,0.48683,0.73266,0.94382,0.00000,0.03333,0,0,,0
43,1.400000,30.000,1,220.000,274.000,223.098,274.820,105.622,2.236,-5.00000,3.75000,26.539,TRACKING,0.48683,0.73254,0.94381,0.00000,0.03333,0,0,,0
44,1.433333,30.000,1,223.000,274.000,226.049,274.752,102.786,2.828,-5.00000,3.75000,26.418,TRACKING,0.48683,0.73396,0.94382,0.00000,0.03333,0,0,,0
45,1.466667,30.000,1,226.000,275.000,229.017,275.777,100.305,2.236,-5.00000,3.75000,26.523,TRACKING,0.48683,0.73304,0.94382,0.00000,0.03333,0,0,,0
46,1.500000,30.000,1,228.000,275.000,231.865,275.704,97.499,3.606,-5.00000,3.75000,26.401,TRACKING,0.48683,0.73560,0.94372,0.00000,0.03333,0,0,,0
47,1.533333,30.000,1,231.000,276.000,233.828,276.738,96.005,3.162,-5.00000,3.75000,26.522,TRACKING,0.48683,0.73194,0.94372,0.00000,0.03333,0,0,,0
48,1.566667,30.000,1,234.000,276.000,236.849,276.278,93.231,3.606,-5.00000,3.75000,26.383,TRACKING,0.48683,0.73041,0.94372,0.00000,0.03333,0,0,,0
49,1.600000,30.000,1,237.000,277.000,239.892,277.722,90.874,3.162,-5.00000,3.75000,26.465,TRACKING,0.48683,0.73223,0.94430,0.00000,0.03333,0,0,,0
50,1.633333,30.000,1,239.000,277.000,241.802,277.271,89.051,4.472,-5.00000,3.75000,26.541,TRACKING,0.48683,0.73416,0.94427,0.00000,0.03333,0,0,,0
51,1.666667,30.000,1,242.000,278.000,244.806,278.721,86.764,4.123,-5.00000,3.75000,26.400,TRACKING,0.48683,0.73031,0.94427,0.00000,0.03333,0,0,,0
52,1.700000,30.000,1,245.000,279.000,247.851,279.805,84.534,4.123,-5.00000,3.75000,26.487,TRACKING,0.48683,0.72915,0.94434,0.00000,0.03333,0,0,,0
53,1.733333,30.000,1,248.000,280.000,250.904,280.886,82.365,5.000,-5.00000,3.75000,26.590,TRACKING,0.48683,0.72819,0.94433,0.00000,0.03333,0,0,,0
54,1.766667,30.000,1,252.000,280.000,254.082,280.814,79.756,4.123,-5.00000,3.75000,26.457,TRACKING,0.48683,0.72435,0.94433,0.00000,0.03333,0,0,,0
55,1.800000,30.000,1,255.000,281.000,258.143,281.823,76.851,4.000,-5.00000,3.75000,26.554,TRACKING,0.48683,0.72685,0.94433,0.00000,0.03333,0,0,,0
56,1.833333,30.000,1,258.000,281.000,261.138,281.733,74.330,4.000,-5.00000,3.75000,26.457,TRACKING,0.48683,0.73163,0.94438,0.00000,0.03333,0,0,,0
57,1.866667,30.000,1,261.000,281.000,264.106,281.219,71.847,4.123,-5.00000,3.75000,26.526,TRACKING,0.48683,0.73270,0.94438,0.00000,0.03333,0,0,,0
58,1.900000,30.000,1,264.000,282.000,267.068,282.253,70.000,4.000,-5.00000,3.75000,26.440,TRACKING,0.48683,0.73266,0.94438,0.00000,0.03333,0,0,,0
59,1.933333,30.000,1,267.000,282.000,270.036,282.212,67.624,4.000,-5.00000,3.75000,26.507,TRACKING,0.48683,0.73324,0.94438,0.00000,0.03333,0,0,,0
60,1.966667,30.000,1,270.000,282.000,273.013,282.147,65.299,4.123,-5.00000,3.75000,26.596,TRACKING,0.48683,0.73321,0.94438,0.00000,0.03333,0,0,,0
61,2.000000,30.000,1,271.000,284.000,274.734,283.352,64.444,6.083,-5.00000,3.75000,26.482,TRACKING,0.48683,0.73837,0.94403,0.00000,0.03333,0,0,,0
62,2.033333,30.000,1,274.000,284.000,276.669,284.365,63.655,6.083,-5.00000,3.75000,26.565,TRACKING,0.48683,0.73587,0.94402,0.00000,0.03333,0,0,,0
63,2.066667,30.000,1,277.000,285.000,279.714,285.423,62.241,6.083,-5.00000,3.75000,26.628,TRACKING,0.48683,0.73205,0.94408,0.00000,0.03333,0,0,,0
64,2.100000,30.000,1,281.000,286.000,282.930,286.888,60.959,5.385,-5.00000,3.75000,26.536,TRACKING,0.48683,0.72471,0.94411,0.00000,0.03333,0,0,,0
65,2.133333,30.000,1,284.000,286.000,287.042,286.808,58.412,5.385,-5.00000,3.75000,26.591,TRACKING,0.48683,0.72719,0.94408,0.00000,0.03333,0,0,,0
66,2.166667,30.000,1,287.000,286.000,290.083,286.282,56.613,5.385,-5.00000,3.75000,26.507,TRACKING,0.48683,0.72906,0.94406,0.00000,0.03333,0,0,,0
67,2.200000,30.000,1,290.000,286.000,293.082,286.164,54.918,5.385,-5.00000,3.75000,26.563,TRACKING,0.48683,0.73025,0.94406,0.00000,0.03333,0,0,,0
68,2.233333,30.000,1,293.000,286.000,296.064,286.074,53.339,6.083,-5.00000,3.75000,26.639,TRACKING,0.48683,0.73097,0.94406,0.00000,0.03333,0,0,,0
69,2.266667,30.000,1,297.000,287.000,300.175,287.152,52.326,5.385,-5.00000,3.75000,26.548,TRACKING,0.48683,0.72851,0.94411,0.00000,0.03333,0,0,,0
70,2.300000,30.000,1,300.000,287.000,303.185,287.152,51.078,5.385,-5.00000,3.75000,26.612,TRACKING,0.48683,0.73181,0.94411,0.00000,0.03333,0,0,,0
71,2.333333,30.000,1,303.000,287.000,306.149,287.119,49.980,5.385,-5.00000,3.75000,26.516,TRACKING,0.48683,0.73366,0.94411,0.00000,0.03333,0,0,,0
72,2.366667,30.000,1,306.000,287.000,309.099,287.077,49.041,5.385,-5.00000,3.75000,26.584,TRACKING,0.48683,0.73513,0.94412,0.00000,0.03333,0,0,,0
73,2.400000,30.000,1,311.000,285.000,313.322,285.775,47.074,3.000,-5.00000,3.75000,26.506,TRACKING,0.48683,0.72217,0.94426,0.00000,0.03333,0,0,,0
74,2.433333,30.000,1,314.000,285.000,317.350,284.691,45.398,3.000,-5.00000,3.75000,26.568,TRACKING,0.48683,0.72986,0.94425,0.00000,0.03333,0,0,,0
75,2.466667,30.000,1,317.000,285.000,320.284,284.722,45.115,3.000,-4.99734,3.75000,26.463,TRACKING,0.48683,0.73414,0.94425,0.00000,0.03333,0,0,,0
76,2.500000,30.000,1,320.000,285.000,323.192,284.798,45.000,3.000,-4.96741,3.75000,26.539,TRACKING,0.48683,0.73589,0.94426,0.00000,0.03333,0,0,,0
77,2.533333,30.000,1,323.000,285.000,326.108,284.876,45.025,3.000,-4.91015,3.75000,26.468,TRACKING,0.48683,0.73641,0.94426,0.00000,0.03333,0,0,,0
78,2.566667,30.000,1,326.000,285.000,329.047,284.939,45.100,3.000,-4.82533,3.75000,26.524,TRACKING,0.48683,0.73570,0.94428,0.00000,0.03333,0,0,,0
79,2.600000,30.000,1,328.000,285.000,331.876,284.980,45.224,4.000,-4.71400,3.75000,26.591,TRACKING,0.48683,0.73636,0.94436,0.00000,0.03333,0,0,,0
80,2.633333,30.000,1,331.000,285.000,333.828,285.003,45.335,4.000,-4.58436,3.75000,26.510,TRACKING,0.48683,0.73312,0.94433,0.00000,0.03333,0,0,,0
81,2.666667,30.000,1,334.000,285.000,336.844,285.012,45.541,4.000,-4.42645,3.75000,26.588,TRACKING,0.48683,0.73097,0.94433,0.00000,0.03333,0,0,,0
82,2.700000,30.000,1,337.000,285.000,339.886,285.014,45.796,4.000,-4.25978,3.75000,26.487,TRACKING,0.48683,0.72984,0.94433,0.00000,0.03333,0,0,,0
83,2.733333,30.000,1,340.000,285.000,342.930,285.011,46.098,5.099,-4.09311,3.75000,26.542,TRACKING,0.48683,0.72939,0.94433,0.00000,0.03333,0,0,,0
84,2.766667,30.000,1,344.000,284.000,346.099,283.874,45.478,4.000,-3.92645,3.75000,26.461,TRACKING,0.48683,0.72352,0.94433,0.00000,0.03333,0,0,,0
85,2.800000,30.000,1,349.000,285.000,351.418,284.975,47.330,2.236,-3.75978,3.75000,26.525,TRACKING,0.48683,0.71951,0.94408,0.00000,0.03333,0,0,,0
86,2.833333,30.000,1,352.000,285.000,355.467,285.025,48.718,2.236,-3.59311,3.75000,26.576,TRACKING,0.48683,0.72705,0.94409,0.00000,0.03333,0,0,,0
87,2.866667,30.000,1,355.000,285.000,358.385,285.042,49.944,2.236,-3.42645,3.75000,26.497,TRACKING,0.48683,0.73178,0.94409,0.00000,0.03333,0,0,,0
88,2.900000,30.000,1,358.000,285.000,361.263,285.040,51.317,2.828,-3.25978,3.75000,26.545,TRACKING,0.48683,0.73413,0.94409,0.00000,0.03333,0,0,,0
89,2.933333,30.000,1,361.000,284.000,364.150,283.897,51.975,2.236,-3.09311,3.75000,26.476,TRACKING,0.48683,0.73413,0.94409,0.00000,0.03333,0,0,,0
90,2.966667,30.000,1,364.000,284.000,367.067,283.856,53.632,2.236,-2.92645,3.75000,26.525,TRACKING,0.48683,0.73326,0.94406,0.00000,0.03333,0,0,,0
91,3.000000,30.000,1,367.000,284.000,370.015,283.870,55.403,2.828,-2.75978,3.75000,26.461,TRACKING,0.48683,0.73205,0.94404,0.00000,0.03333,0,0,,0
92,3.033333,30.000,1,370.000,283.000,372.988,282.772,56.511,2.236,-2.59311,3.75000,26.511,TRACKING,0.48683,0.73116,0.94404,0.00000,0.03333,0,0,,0
93,3.066667,30.000,1,373.000,283.000,375.979,282.779,58.502,2.236,-2.42645,3.75000,26.542,TRACKING,0.48683,0.73108,0.94404,0.00000,0.03333,0,0,,0
94,3.100000,30.000,1,376.000,283.000,378.980,282.831,60.576,2.828,-2.25978,3.75000,26.477,TRACKING,0.48683,0.73070,0.94404,0.00000,0.03333,0,0,,0
95,3.133333,30.000,1,379.000,282.000,381.985,281.759,62.044,2.236,-2.09311,3.75000,26.527,TRACKING,0.48683,0.73157,0.94405,0.00000,0.03333,0,0,,0
96,3.166667,30.000,1,382.000,282.000,384.990,281.780,64.284,2.236,-1.92645,3.75000,26.477,TRACKING,0.48683,0.73203,0.94405,0.00000,0.03333,0,0,,0
97,3.200000,30.000,1,383.000,281.000,386.728,280.705,65.178,4.123,-1.75978,3.75000,26.531,TRACKING,0.48683,0.74030,0.94407,0.00000,0.03333,0,0,,0
98,3.233333,30.000,1,386.000,280.000,388.672,279.204,66.135,5.000,-1.59311,3.75000,26.467,TRACKING,0.48683,0.73397,0.94407,0.00000,0.03333,0,0,,0
99,3.266667,30.000,1,390.000,280.000,391.853,279.247,68.548,4.123,-1.42645,3.75000,26.502,TRACKING,0.48683,0.72584,0.94413,0.00000,0.03333,0,0,,0
100,3.300000,30.000,1,393.000,279.000,395.967,278.211,71.282,4.000,-1.25978,3.75000,26.433,TRACKING,0.48683,0.72673,0.94413,0.00000,0.03333,0,0,,0
101,3.333333,30.000,1,396.000,279.000,399.024,278.282,73.811,4.123,-1.09311,3.75000,26.482,TRACKING,0.48683,0.72787,0.94416,0.00000,0.03333,0,0,,0
102,3.366667,30.000,1,399.000,278.000,402.045,277.250,75.869,4.000,-0.92645,3.75000,26.520,TRACKING,0.48683,0.72878,0.94416,0.00000,0.03333,0,0,,0
103,3.400000,30.000,1,402.000,278.000,405.044,277.714,78.480,4.123,-0.75978,3.75000,26.455,TRACKING,0.48683,0.72945,0.94416,0.00000,0.03333,0,0,,0
104,3.433333,30.000,1,405.000,277.000,408.034,276.273,80.654,4.000,-0.59311,3.75000,26.506,TRACKING,0.48683,0.72977,0.94416,0.00000,0.03333,0,0,,0
105,3.466667,30.000,1,408.000,277.000,411.022,276.727,83.331,4.123,-0.42645,3.75000,26.445,TRACKING,0.48683,0.73015,0.94419,0.00000,0.03333,0,0,,0
106,3.500000,30.000,1,412.000,277.000,415.145,276.812,86.934,3.162,-0.25978,3.75000,26.487,TRACKING,0.48683,0.72949,0.94422,0.00000,0.03333,0,0,,0
107,3.533333,30.000,1,415.000,277.000,418.167,276.891,89.657,3.606,-0.09311,3.75000,26.443,TRACKING,0.48683,0.73237,0.94422,0.00000,0.03333,0,0,,0
108,3.566667,30.000,1,418.000,276.000,421.140,275.817,92.002,3.162,0.07355,3.75000,26.486,TRACKING,0.48683,0.73290,0.94424,0.00000,0.03333,0,0,,0
109,3.600000,30.000,1,424.000,276.000,426.497,275.825,96.624,2.000,0.24022,3.75000,26.438,TRACKING,0.48683,0.71833,0.94403,0.00000,0.03333,0,0,,0
110,3.633333,30.000,1,427.000,275.000,430.545,274.734,99.992,2.000,0.40689,3.75000,26.459,TRACKING,0.48683,0.72597,0.94403,0.00000,0.03333,0,0,,0
111,3.666667,30.000,1,429.000,273.000,433.312,273.086,102.472,1.000,0.57355,3.75000,26.402,TRACKING,0.48683,0.73263,0.94402,0.00000,0.03333,0,0,,0
112,3.700000,30.000,1,431.000,273.000,435.006,272.090,104.039,2.236,0.74022,3.75000,26.452,TRACKING,0.48683,0.74045,0.94406,0.00000,0.03333,0,0,,0
113,3.733333,30.000,1,434.000,272.000,436.868,271.072,105.630,3.162,0.90689,3.75000,26.396,TRACKING,0.48683,0.73712,0.94406,0.00000,0.03333,0,0,,0
114,3.766667,30.000,1,438.000,271.000,440.970,270.048,109.161,2.000,1.07355,3.75000,26.446,TRACKING,0.48683,0.72998,0.94406,0.00000,0.03333,0,0,,0
115,3.800000,30.000,1,441.000,271.000,444.022,270.160,112.041,2.236,1.24022,3.75000,26.392,TRACKING,0.48683,0.73256,0.94406,0.00000,0.03333,0,0,,0
116,3.833333,30.000,1,443.000,270.000,445.907,269.174,113.696,3.162,1.40689,3.75000,26.432,TRACKING,0.48683,0.73397,0.94411,0.00000,0.03333,0,0,,0
117,3.866667,30.000,1,447.000,269.000,450.009,268.142,117.308,2.000,1.57355,3.75000,26.476,TRACKING,0.48683,0.73008,0.94413,0.00000,0.03333,0,0,,0
118,3.900000,30.000,1,450.000,269.000,453.053,268.229,120.217,2.236,1.74022,3.75000,26.418,TRACKING,0.48683,0.73234,0.94413,0.00000,0.03333,0,0,,0
119,3.933333,30.000,1,452.000,267.000,454.927,266.084,121.700,3.000,1.90689,3.75000,26.457,TRACKING,0.48683,0.73326,0.94424,0.00000,0.03333,0,0,,0
120,3.966667,30.000,1,455.000,267.000,457.888,266.134,124.627,3.162,2.07355,3.75000,26.486,TRACKING,0.48683,0.73373,0.94434,0.00000,0.03333,0,0,,0
121,4.000000,30.000,1,456.000,264.000,459.628,263.860,126.168,5.385,2.24022,3.75000,26.436,TRACKING,0.48683,0.73169,0.94432,0.00000,0.03333,0,0,,0
122,4.033333,30.000,1,459.000,264.000,461.596,263.302,127.938,5.099,2.40689,3.75000,26.474,TRACKING,0.48683,0.73755,0.94427,0.00000,0.03333,0,0,,0
123,4.066667,30.000,1,462.000,263.000,464.671,261.943,130.706,5.099,2.57355,3.75000,26.502,TRACKING,0.48683,0.73277,0.94429,0.00000,0.03333,0,0,,0
124,4.100000,30.000,1,465.000,262.000,467.778,260.974,133.492,5.099,2.74022,3.75000,26.455,TRACKING,0.48683,0.73090,0.94429,0.00000,0.03333,0,0,,0
125,4.133333,30.000,1,468.000,261.000,470.874,259.993,136.294,5.099,2.90689,3.75000,26.488,TRACKING,0.48683,0.73034,0.94429,0.00000,0.03333,0,0,,0
126,4.166667,30.000,1,471.000,260.000,473.945,259.003,139.112,5.385,3.07355,3.75000,26.436,TRACKING,0.48683,0.73048,0.94429,0.00000,0.03333,0,0,,0
127,4.200000,30.000,1,474.000,260.000,476.989,259.141,142.081,5.099,3.24022,3.75000,26.481,TRACKING,0.48683,0.73097,0.94429,0.00000,0.03333,0,0,,0
128,4.233333,30.000,1,477.000,259.000,480.011,258.170,144.918,6.083,3.40689,3.75000,26.427,TRACKING,0.48683,0.73160,0.94429,0.00000,0.03333,0,0,,0
129,4.266667,30.000,1,481.000,258.000,484.151,257.146,148.760,5.099,3.57355,3.75000,26.465,TRACKING,0.48683,0.72641,0.94432,0.00000,0.03333,0,0,,0
130,4.300000,30.000,1,484.000,258.000,487.180,257.236,151.738,5.000,3.74022,3.75000,26.417,TRACKING,0.48683,0.72986,0.94418,0.00000,0.03333,0,0,,0
131,4.333333,30.000,1,487.000,257.000,490.153,256.223,154.604,5.000,3.90689,3.75000,26.456,TRACKING,0.48683,0.73123,0.94418,0.00000,0.03333,0,0,,0
132,4.366667,30.000,1,490.000,256.000,493.107,255.168,157.482,5.099,4.07355,3.75000,26.408,TRACKING,0.48683,0.73230,0.94418,0.00000,0.03333,0,0,,0
133,4.400000,30.000,1,496.000,257.000,498.463,255.373,162.456,2.236,4.24022,3.75000,26.450,TRACKING,0.48683,0.71876,0.94407,0.00000,0.03333,0,0,,0
134,4.433333,30.000,1,499.000,256.000,502.518,255.381,166.438,2.236,4.40689,3.75000,26.405,TRACKING,0.48683,0.72818,0.94408,0.00000,0.03333,0,0,,0
135,4.466667,30.000,1,502.000,255.000,505.427,254.300,169.332,2.236,4.57355,3.75000,26.445,TRACKING,0.48683,0.73292,0.94408,0.00000,0.03333,0,0,,0
136,4.500000,30.000,1,505.000,254.000,508.292,253.197,172.237,2.236,4.74022,3.75000,26.478,TRACKING,0.48683,0.73484,0.94408,0.00000,0.03333,0,0,,0
137,4.533333,30.000,1,508.000,253.000,511.167,252.108,175.150,2.236,4.90689,3.75000,26.426,TRACKING,0.48683,0.73539,0.94408,0.00000,0.03333,0,0,,0
138,4.566667,30.000,1,511.000,252.000,514.074,251.044,183.943,2.236,5.00000,3.75000,26.469,TRACKING,0.48683,0.73514,0.94411,0.00000,0.03333,0,0,,0
139,4.600000,30.000,1,514.000,251.000,517.017,250.006,194.312,2.236,5.00000,3.75000,26.421,TRACKING,0.48683,0.73499,0.94415,0.00000,0.03333,0,0,,0
140,4.633333,30.000,1,517.000,250.000,519.987,248.988,197.254,2.236,5.00000,3.75000,26.452,TRACKING,0.48683,0.73413,0.94416,0.00000,0.03333,0,0,,0
141,4.666667,30.000,1,520.000,249.000,522.977,247.982,200.202,2.236,5.00000,3.75000,26.485,TRACKING,0.48683,0.73372,0.94416,0.00000,0.03333,0,0,,0
142,4.700000,30.000,1,523.000,248.000,525.978,246.984,203.158,2.000,5.00000,3.75000,26.437,TRACKING,0.48683,0.73344,0.94416,0.00000,0.03333,0,0,,0
143,4.733333,30.000,1,526.000,248.000,528.983,247.121,206.155,3.162,5.00000,3.75000,26.473,TRACKING,0.48683,0.73330,0.94416,0.00000,0.03333,0,0,,0
144,4.766667,30.000,1,530.000,247.000,533.122,246.156,210.117,2.236,5.00000,3.75000,26.426,TRACKING,0.48683,0.72840,0.94420,0.00000,0.03333,0,0,,0
145,4.800000,30.000,1,531.000,244.000,534.890,243.870,212.059,4.123,5.00000,3.75000,26.461,TRACKING,0.48683,0.73022,0.94416,0.00000,0.03333,0,0,,0
146,4.833333,30.000,1,534.000,243.000,536.812,241.771,214.021,4.123,5.00000,3.75000,26.416,TRACKING,0.48683,0.73214,0.94414,0.00000,0.03333,0,0,,0
147,4.866667,30.000,1,537.000,242.000,539.819,240.779,217.009,4.123,5.00000,3.75000,26.451,TRACKING,0.48683,0.73176,0.94417,0.00000,0.03333,0,0,,0
148,4.900000,30.000,1,540.000,242.000,542.862,239.964,220.002,4.000,5.00000,3.75000,26.418,TRACKING,0.48683,0.73007,0.94425,0.00000,0.03333,0,0,,0
149,4.933333,30.000,1,543.000,241.000,545.912,240.055,223.002,4.000,5.00000,3.75000,26.444,TRACKING,0.48683,0.72911,0.94425,0.00000,0.03333,0,0,,0
150,4.966667,30.000,1,546.000,240.000,548.954,239.083,226.000,4.000,5.00000,3.74140,26.474,TRACKING,0.48683,0.72876,0.94422,0.00000,0.03333,0,0,,0
151,5.000000,30.000,1,549.000,239.000,551.983,238.077,229.001,1.000,5.00000,3.72337,26.429,TRACKING,0.48683,0.72852,0.94422,0.00000,0.03333,0,0,,0
152,5.033333,30.000,1,547.000,238.000,551.333,237.057,229.002,1.000,5.00000,3.69578,26.458,TRACKING,0.48683,0.73656,0.94422,0.00000,0.03333,0,0,,0
153,5.066667,30.000,1,546.000,236.000,549.659,235.902,228.005,1.000,5.00000,3.65737,26.417,TRACKING,0.48683,0.72898,0.94429,0.00000,0.03333,0,0,,0
154,5.100000,30.000,1,544.000,235.000,545.391,233.855,226.014,1.414,5.00000,3.59976,26.451,TRACKING,0.48683,0.72602,0.94429,0.00000,0.03333,0,0,,0
155,5.133333,30.000,1,542.000,233.000,542.474,231.733,224.027,0.000,5.00000,3.52226,26.411,TRACKING,0.48683,0.72446,0.94429,0.00000,0.03333,0,0,,0
156,5.166667,30.000,1,541.000,232.000,540.272,230.738,222.036,1.414,5.00000,3.43543,26.441,TRACKING,0.48683,0.73297,0.94429,0.00000,0.03333,0,0,,0
157,5.200000,30.000,1,540.000,230.000,538.655,228.265,220.057,2.000,5.00000,3.32542,26.406,TRACKING,0.48683,0.73515,0.94404,0.00000,0.03333,0,0,,0
158,5.233333,30.000,0,,,536.425,227.442,218.069,,5.00000,3.20769,26.440,PREDICTING,0.38743,0.73631,0.94403,0.00000,0.03333,0,0,,0
159,5.266667,30.000,0,,,535.425,225.442,217.097,,5.00000,3.07121,26.462,PREDICTING,0.30439,0.73768,0.94404,0.00000,0.03333,0,0,,0
160,5.300000,30.000,0,,,533.425,224.442,215.114,,5.00000,2.92535,26.428,PREDICTING,0.24283,0.73656,0.94398,0.00000,0.03333,0,0,,0
161,5.333333,30.000,0,,,532.425,222.442,214.149,,5.00000,2.76075,26.450,PREDICTING,0.19782,0.73333,0.94398,0.00000,0.03333,0,0,,0
162,5.366667,30.000,1,532.000,223.000,527.834,219.329,212.170,2.236,5.00000,2.59408,26.408,RE-ACQUIRING,0.42329,0.73758,0.94398,0.00000,0.03333,0,0,,0
163,5.400000,30.000,1,530.000,221.000,526.988,218.271,210.215,2.000,5.00000,2.42741,26.428,TRACKING,0.47430,0.73313,0.94398,0.00000,0.03333,0,0,,0
164,5.433333,30.000,1,528.000,220.000,526.125,218.318,208.240,1.000,5.00000,2.26075,26.401,TRACKING,0.48525,0.73525,0.94398,0.00000,0.03333,0,0,,0
165,5.466667,30.000,1,527.000,219.000,525.208,217.606,207.266,2.236,5.00000,2.09408,26.420,TRACKING,0.48491,0.74047,0.94398,0.00000,0.03333,0,0,,0
166,5.500000,30.000,1,525.000,217.000,523.195,215.349,205.322,2.000,5.00000,1.92741,26.388,TRACKING,0.48447,0.73500,0.94398,0.00000,0.03333,0,0,,0
167,5.533333,30.000,1,523.000,216.000,521.145,214.782,203.354,1.414,5.00000,1.76075,26.410,TRACKING,0.48512,0.73609,0.94400,0.00000,0.03333,0,0,,0
168,5.566667,30.000,1,522.000,214.000,520.226,212.711,202.418,2.000,5.00000,1.59408,26.433,TRACKING,0.48596,0.73644,0.94400,0.00000,0.03333,0,0,,0
169,5.600000,30.000,1,519.000,214.000,517.077,211.878,199.469,2.236,5.00000,1.42741,26.401,TRACKING,0.48651,0.73522,0.94414,0.00000,0.03333,0,0,,0
170,5.633333,30.000,1,517.000,212.000,514.994,210.445,197.545,1.000,5.00000,1.26075,26.428,TRACKING,0.48675,0.73313,0.94410,0.00000,0.03333,0,0,,0
171,5.666667,30.000,1,516.000,211.000,514.092,209.865,196.625,2.236,5.00000,1.09408,26.393,TRACKING,0.48682,0.73937,0.94420,0.00000,0.03333,0,0,,0
172,5.700000,30.000,1,514.000,209.000,512.115,207.371,194.803,1.414,5.00000,0.92741,26.422,TRACKING,0.48683,0.73447,0.94422,0.00000,0.03333,0,0,,0
173,5.733333,30.000,1,512.000,208.000,510.100,206.780,192.905,1.000,5.00000,0.76075,26.375,TRACKING,0.48683,0.73614,0.94422,0.00000,0.03333,0,0,,0
174,5.766667,30.000,1,511.000,207.000,509.204,205.833,192.010,2.236,5.00000,0.59408,26.417,TRACKING,0.48683,0.74066,0.94422,0.00000,0.03333,0,0,,0
175,5.800000,30.000,1,509.000,205.000,507.205,203.760,190.238,1.414,5.00000,0.42741,26.379,TRACKING,0.48683,0.73502,0.94422,0.00000,0.03333,0,0,,0
176,5.833333,30.000,1,507.000,204.000,505.160,202.781,188.369,2.000,5.00000,0.26075,26.406,TRACKING,0.48683,0.73611,0.94423,0.00000,0.03333,0,0,,0
177,5.866667,30.000,1,506.000,202.000,504.238,200.706,187.628,1.414,5.00000,0.09408,26.375,TRACKING,0.48683,0.73509,0.94426,0.00000,0.03333,0,0,,0
178,5.900000,30.000,1,504.000,201.000,502.219,199.738,185.782,1.414,5.00000,-0.07259,26.405,TRACKING,0.48683,0.73619,0.94426,0.00000,0.03333,0,0,,0
179,5.933333,30.000,1,502.000,200.000,500.163,198.810,183.943,2.000,5.00000,-0.23925,26.370,TRACKING,0.48683,0.73612,0.94430,0.00000,0.03333,0,0,,0
180,5.966667,30.000,1,501.000,198.000,499.234,196.751,183.256,1.414,5.00000,-0.40592,26.393,TRACKING,0.48683,0.73556,0.94430,0.00000,0.03333,0,0,,0
181,6.000000,30.000,1,499.000,200.000,497.214,198.180,181.125,5.099,5.00000,-0.57259,26.369,TRACKING,0.48683,0.73669,0.94404,0.00000,0.03333,0,0,,0
182,6.033333,30.000,1,498.000,197.000,496.291,196.064,180.455,3.162,5.00000,-0.73925,26.391,TRACKING,0.48683,0.73601,0.94411,0.00000,0.03333,0,0,,0
183,6.066667,30.000,1,497.000,196.000,495.794,194.998,179.637,3.606,5.00000,-0.90592,26.366,TRACKING,0.48683,0.73779,0.94411,0.00000,0.03333,0,0,,0
184,6.100000,30.000,1,495.000,195.000,493.752,193.970,177.842,4.472,5.00000,-1.07259,26.394,TRACKING,0.48683,0.73514,0.94411,0.00000,0.03333,0,0,,0
185,6.133333,30.000,1,492.000,193.000,491.122,191.830,176.245,3.000,5.00000,-1.23925,26.414,TRACKING,0.48683,0.72865,0.94415,0.00000,0.03333,0,0,,0
186,6.166667,30.000,1,492.000,191.000,490.659,190.273,175.459,3.606,5.00000,-1.40592,26.392,TRACKING,0.48683,0.73435,0.94413,0.00000,0.03333,0,0,,0
187,6.200000,30.000,1,490.000,189.000,488.263,187.142,174.123,2.828,5.00000,-1.57259,26.414,TRACKING,0.48683,0.73314,0.94409,0.00000,0.03333,0,0,,0
188,6.233333,30.000,1,488.000,188.000,486.206,186.186,172.392,2.236,5.00000,-1.73925,26.379,TRACKING,0.48683,0.73409,0.94408,0.00000,0.03333,0,0,,0
189,6.266667,30.000,1,487.000,187.000,485.268,185.297,171.646,3.606,5.00000,-1.90592,26.403,TRACKING,0.48683,0.73927,0.94408,0.00000,0.03333,0,0,,0
190,6.300000,30.000,1,485.000,185.000,483.236,183.281,170.180,2.828,5.00000,-2.07259,26.371,TRACKING,0.48683,0.73450,0.94408,0.00000,0.03333,0,0,,0
191,6.333333,30.000,1,483.000,184.000,481.170,182.744,168.492,2.236,5.00000,-2.23925,26.392,TRACKING,0.48683,0.73426,0.94408,0.00000,0.03333,0,0,,0
192,6.366667,30.000,1,482.000,183.000,480.236,181.829,167.782,3.606,5.00000,-2.40592,26.363,TRACKING,0.48683,0.73922,0.94408,0.00000,0.03333,0,0,,0
193,6.400000,30.000,1,481.000,180.000,479.746,179.638,167.351,3.162,5.00000,-2.57259,26.390,TRACKING,0.48683,0.73325,0.94404,0.00000,0.03333,0,0,,0
194,6.433333,30.000,1,479.000,179.000,477.318,177.634,165.991,2.236,5.00000,-2.73925,26.412,TRACKING,0.48683,0.73564,0.94405,0.00000,0.03333,0,0,,0
195,6.466667,30.000,1,478.000,178.000,476.768,176.713,165.325,3.606,5.00000,-2.90592,26.378,TRACKING,0.48683,0.74004,0.94407,0.00000,0.03333,0,0,,0
196,6.500000,30.000,1,476.000,176.000,474.709,174.679,164.022,3.162,5.00000,-3.07259,26.407,TRACKING,0.48683,0.73362,0.94403,0.00000,0.03333,0,0,,0
197,6.533333,30.000,1,474.000,175.000,472.214,173.735,162.436,2.236,5.00000,-3.23925,26.369,TRACKING,0.48683,0.73364,0.94404,0.00000,0.03333,0,0,,0
198,6.566667,30.000,1,473.000,174.000,471.257,172.819,161.811,3.162,5.00000,-3.40592,26.398,TRACKING,0.48683,0.73852,0.94404,0.00000,0.03333,0,0,,0
199,6.600000,30.000,1,471.000,173.000,469.220,171.896,160.253,3.606,5.00000,-3.57259,26.369,TRACKING,0.48683,0.73620,0.94404,0.00000,0.03333,0,0,,0
200,6.633333,30.000,1,469.000,171.000,467.154,169.820,159.059,2.236,5.00000,-3.73925,26.388,TRACKING,0.48683,0.73192,0.94399,0.00000,0.03333,0,0,,0
201,6.666667,30.000,1,468.000,170.000,466.224,168.827,163.354,3.162,5.00000,-3.75000,26.360,TRACKING,0.48683,0.73734,0.94399,0.00000,0.03333,0,0,,0
202,6.700000,30.000,1,466.000,169.000,464.205,167.868,162.348,3.606,5.00000,-3.75000,26.384,TRACKING,0.48683,0.73558,0.94399,0.00000,0.03333,0,0,,0
203,6.733333,30.000,1,464.000,167.000,462.151,165.782,161.447,2.236,5.00000,-3.75000,26.404,TRACKING,0.48683,0.73056,0.94406,0.00000,0.03333,0,0,,0
204,6.766667,30.000,1,463.000,166.000,461.227,164.793,161.012,3.162,5.00000,-3.75000,26.377,TRACKING,0.48683,0.73597,0.94406,0.00000,0.03333,0,0,,0
205,6.800000,30.000,1,459.000,168.000,457.944,165.243,158.354,4.123,5.00000,-3.75000,26.374,TRACKING,0.48683,0.72762,0.94404,0.00000,0.03333,0,0,,0
206,6.833333,30.000,1,457.000,167.000,454.830,166.390,155.235,4.000,5.00000,-3.75000,26.370,TRACKING,0.48683,0.73410,0.94402,0.00000,0.03333,0,0,,0
207,6.866667,30.000,1,456.000,166.000,453.951,165.368,154.829,5.099,5.00000,-3.75000,26.340,TRACKING,0.48683,0.73953,0.94409,0.00000,0.03333,0,0,,0
208,6.900000,30.000,1,454.000,164.000,452.015,164.143,153.561,4.123,5.00000,-3.75000,26.365,TRACKING,0.48683,0.73270,0.94409,0.00000,0.03333,0,0,,0
209,6.933333,30.000,1,452.000,162.000,450.041,161.878,152.817,3.000,5.00000,-3.75000,26.333,TRACKING,0.48683,0.72962,0.94413,0.00000,0.03333,0,0,,0
210,6.966667,30.000,1,451.000,161.000,449.176,159.788,152.977,3.162,5.00000,-3.75000,26.356,TRACKING,0.48683,0.73699,0.94403,0.00000,0.03333,0,0,,0
211,7.000000,30.000,1,449.000,160.000,447.197,158.794,151.793,3.162,5.00000,-3.75000,26.328,TRACKING,0.48683,0.73783,0.94403,0.00000,0.03333,0,0,,0
212,7.033333,30.000,1,447.000,159.000,445.163,157.843,150.632,4.000,5.00000,-3.75000,26.353,TRACKING,0.48683,0.73730,0.94403,0.00000,0.03333,0,0,,0
213,7.066667,30.000,1,446.000,157.000,444.245,155.766,150.881,3.162,5.00000,-3.75000,26.328,TRACKING,0.48683,0.73680,0.94404,0.00000,0.03333,0,0,,0
214,7.100000,30.000,1,444.000,156.000,442.227,154.784,149.773,3.162,5.00000,-3.75000,26.343,TRACKING,0.48683,0.73730,0.94404,0.00000,0.03333,0,0,,0
215,7.133333,30.000,1,442.000,155.000,440.168,153.840,148.691,3.000,5.00000,-3.75000,26.323,TRACKING,0.48683,0.73679,0.94404,0.00000,0.03333,0,0,,0
216,7.166667,30.000,1,441.000,154.000,439.238,152.900,148.449,3.162,5.00000,-3.75000,26.349,TRACKING,0.48683,0.74107,0.94404,0.00000,0.03333,0,0,,0
217,7.200000,30.000,1,441.000,150.000,438.883,149.549,149.402,3.000,5.00000,-3.75000,26.327,TRACKING,0.48683,0.73009,0.94354,0.00000,0.03333,0,0,,0
218,7.233333,30.000,1,439.000,150.000,437.485,148.627,149.201,2.236,5.00000,-3.75000,26.349,TRACKING,0.48683,0.73640,0.94353,0.00000,0.03333,0,0,,0
219,7.266667,30.000,1,438.000,149.000,436.911,147.744,149.013,3.606,5.00000,-3.75000,26.324,TRACKING,0.48683,0.73872,0.94353,0.00000,0.03333,0,0,,0
220,7.300000,30.000,1,435.000,147.000,434.676,145.720,148.678,2.236,5.00000,-3.75000,26.347,TRACKING,0.48683,0.73136,0.94345,0.00000,0.03333,0,0,,0
221,7.333333,30.000,1,433.000,146.000,432.110,144.771,147.757,1.414,5.00000,-3.75000,26.326,TRACKING,0.48683,0.73352,0.94345,0.00000,0.03333,0,0,,0
222,7.366667,30.000,1,432.000,145.000,430.145,143.845,146.864,2.236,5.00000,-3.75000,26.347,TRACKING,0.48683,0.73955,0.94345,0.00000,0.03333,0,0,,0
223,7.400000,30.000,1,430.000,144.000,428.129,142.912,146.000,2.236,5.00000,-3.75000,26.324,TRACKING,0.48683,0.73849,0.94345,0.00000,0.03333,0,0,,0
224,7.433333,30.000,1,428.000,143.000,426.093,141.962,145.165,1.414,5.00000,-3.75000,26.343,TRACKING,0.48683,0.73700,0.94349,0.00000,0.03333,0,0,,0
225,7.466667,30.000,1,427.000,142.000,425.189,140.992,145.097,2.236,5.00000,-3.75000,26.317,TRACKING,0.48683,0.74005,0.94349,0.00000,0.03333,0,0,,0
226,7.500000,30.000,1,425.000,141.000,423.190,140.007,144.312,2.236,5.00000,-3.75000,26.336,TRACKING,0.48683,0.73804,0.94349,0.00000,0.03333,0,0,,0
227,7.533333,30.000,1,423.000,139.000,421.148,137.879,144.257,1.000,5.00000,-3.75000,26.314,TRACKING,0.48683,0.73653,0.94354,0.00000,0.03333,0,0,,0
228,7.566667,30.000,1,422.000,138.000,420.230,136.849,144.250,2.000,5.00000,-3.75000,26.337,TRACKING,0.48683,0.74177,0.94354,0.00000,0.03333,0,0,,0
229,7.600000,30.000,1,419.000,135.000,417.082,134.603,143.586,2.236,5.00000,-3.75000,26.315,TRACKING,0.48683,0.72821,0.94404,0.00000,0.03333,0,0,,0
230,7.633333,30.000,1,417.000,134.000,414.998,132.581,143.684,2.000,5.00000,-3.75000,26.303,TRACKING,0.48683,0.73373,0.94404,0.00000,0.03333,0,0,,0
231,7.666667,30.000,1,416.000,133.000,414.094,131.665,143.753,2.236,5.00000,-3.75000,26.302,TRACKING,0.48683,0.74137,0.94404,0.00000,0.03333,0,0,,0
232,7.700000,30.000,1,414.000,132.000,412.116,130.777,143.178,2.236,5.00000,-3.75000,26.325,TRACKING,0.48683,0.74051,0.94404,0.00000,0.03333,0,0,,0
233,7.733333,30.000,1,412.000,131.000,410.100,129.876,142.636,2.000,5.00000,-3.75000,26.298,TRACKING,0.48683,0.73937,0.94404,0.00000,0.03333,0,0,,0
234,7.766667,30.000,1,411.000,131.000,409.204,129.081,142.762,1.414,5.00000,-3.75000,26.275,TRACKING,0.48683,0.74301,0.94408,0.00000,0.03333,0,0,,0
235,7.800000,30.000,1,409.000,129.000,407.205,128.021,142.274,2.236,5.00000,-3.75000,26.299,TRACKING,0.48683,0.73929,0.94411,0.00000,0.03333,0,0,,0
236,7.833333,30.000,1,407.000,128.000,405.160,126.989,141.820,2.000,5.00000,-3.75000,26.318,TRACKING,0.48683,0.73804,0.94411,0.00000,0.03333,0,0,,0
237,7.866667,30.000,1,407.000,127.000,404.371,125.978,142.004,2.828,5.00000,-3.75000,26.288,TRACKING,0.48683,0.74304,0.94410,0.00000,0.03333,0,0,,0
238,7.900000,30.000,1,405.000,127.000,403.382,126.111,141.400,2.236,5.00000,-3.75000,26.313,TRACKING,0.48683,0.74177,0.94411,0.00000,0.03333,0,0,,0
239,7.933333,30.000,1,403.000,126.000,401.302,125.145,141.014,2.236,5.00000,-3.75000,26.281,TRACKING,0.48683,0.73833,0.94410,0.00000,0.03333,0,0,,0
240,7.966667,30.000,1,402.000,126.000,400.333,125.262,140.428,2.236,5.00000,-3.75000,26.306,TRACKING,0.48683,0.74199,0.94410,0.00000,0.03333,0,0,,0
241,8.000000,30.000,1,401.000,126.000,399.806,125.789,139.846,3.000,5.00000,-3.75000,26.288,TRACKING,0.48683,0.73954,0.94354,0.00000,0.03333,0,0,,0
242,8.033333,30.000,1,399.000,126.000,397.348,125.892,138.698,2.236,5.00000,-3.75000,26.306,TRACKING,0.48683,0.73677,0.94353,0.00000,0.03333,0,0,,0
243,8.066667,30.000,1,398.000,125.000,396.778,124.829,138.957,3.162,5.00000,-3.75000,26.326,TRACKING,0.48683,0.73814,0.94353,0.00000,0.03333,0,0,,0
244,8.100000,30.000,1,396.000,124.000,394.708,123.705,138.679,3.162,5.00000,-3.75000,26.297,TRACKING,0.48683,0.73334,0.94353,0.00000,0.03333,0,0,,0
245,8.133333,30.000,1,394.000,123.000,392.208,122.183,138.438,2.000,5.00000,-3.75000,26.318,TRACKING,0.48683,0.73147,0.94354,0.00000,0.03333,0,0,,0
246,8.166667,30.000,1,393.000,123.000,391.251,122.221,137.906,3.162,5.00000,-3.75000,26.295,TRACKING,0.48683,0.73856,0.94353,0.00000,0.03333,0,0,,0
247,8.200000,30.000,1,391.000,122.000,389.214,121.189,137.713,3.162,5.00000,-3.75000,26.314,TRACKING,0.48683,0.73486,0.94353,0.00000,0.03333,0,0,,0
248,8.233333,30.000,1,389.000,121.000,387.150,120.133,137.557,2.236,5.00000,-3.75000,26.288,TRACKING,0.48683,0.73301,0.94353,0.00000,0.03333,0,0,,0
249,8.266667,30.000,1,388.000,120.000,386.222,119.078,137.928,3.162,5.00000,-3.75000,26.310,TRACKING,0.48683,0.73642,0.94358,0.00000,0.03333,0,0,,0
250,8.300000,30.000,1,386.000,119.000,384.204,118.037,137.830,3.000,5.00000,-3.75000,26.323,TRACKING,0.48683,0.73433,0.94358,0.00000,0.03333,0,0,,0
251,8.333333,30.000,1,384.000,119.000,382.151,118.143,136.883,2.236,5.00000,-3.75000,26.306,TRACKING,0.48683,0.73546,0.94358,0.00000,0.03333,0,0,,0
252,8.366667,30.000,1,383.000,118.000,381.227,117.159,137.306,3.162,5.00000,-3.75000,26.325,TRACKING,0.48683,0.73858,0.94358,0.00000,0.03333,0,0,,0
253,8.400000,30.000,1,379.000,120.000,377.944,118.531,135.059,3.162,5.00000,-3.75000,26.307,TRACKING,0.48683,0.72758,0.94404,0.00000,0.03333,0,0,,0
254,8.433333,30.000,1,377.000,120.000,374.830,119.111,133.754,4.000,5.00000,-3.75000,26.325,TRACKING,0.48683,0.72964,0.94406,0.00000,0.03333,0,0,,0
255,8.466667,30.000,1,376.000,119.000,373.951,119.033,133.330,4.123,5.00000,-3.75000,26.304,TRACKING,0.48683,0.73978,0.94403,0.00000,0.03333,0,0,,0
256,8.500000,30.000,1,374.000,118.000,372.016,118.458,132.503,3.162,5.00000,-3.75000,26.328,TRACKING,0.48683,0.73405,0.94406,0.00000,0.03333,0,0,,0
257,8.533333,30.000,1,372.000,118.000,370.041,117.812,132.620,4.000,5.00000,-3.75000,26.303,TRACKING,0.48683,0.73522,0.94406,0.00000,0.03333,0,0,,0
258,8.566667,30.000,1,371.000,117.000,369.176,116.300,133.154,4.123,5.00000,-3.75000,26.326,TRACKING,0.48683,0.73699,0.94405,0.00000,0.03333,0,0,,0
259,8.600000,30.000,1,369.000,116.000,367.197,115.183,133.330,3.162,5.00000,-3.75000,26.305,TRACKING,0.48683,0.73384,0.94405,0.00000,0.03333,0,0,,0
260,8.633333,30.000,1,366.000,115.000,365.029,114.091,133.544,3.162,5.00000,-3.75000,26.322,TRACKING,0.48683,0.73286,0.94412,0.00000,0.03333,0,0,,0
261,8.666667,30.000,1,365.000,114.000,363.082,113.030,133.795,2.000,5.00000,-3.75000,26.342,TRACKING,0.48683,0.73878,0.94412,0.00000,0.03333,0,0,,0
262,8.700000,30.000,1,364.000,114.000,362.620,113.129,133.462,3.162,5.00000,-3.75000,26.320,TRACKING,0.48683,0.74174,0.94412,0.00000,0.03333,0,0,,0
263,8.733333,30.000,1,362.000,113.000,360.233,112.145,133.765,3.000,5.00000,-3.75000,26.338,TRACKING,0.48683,0.73689,0.94413,0.00000,0.03333,0,0,,0
264,8.766667,30.000,1,361.000,112.000,359.720,111.119,134.406,2.236,5.00000,-3.75000,26.314,TRACKING,0.48683,0.73888,0.94413,0.00000,0.03333,0,0,,0
265,8.800000,30.000,1,359.000,110.000,357.688,109.948,134.766,1.414,5.00000,-3.75000,26.331,TRACKING,0.48683,0.73329,0.94414,0.00000,0.03333,0,0,,0
266,8.833333,30.000,1,357.000,109.000,355.209,107.884,136.125,0.000,5.00000,-3.75000,26.310,TRACKING,0.48683,0.73386,0.94413,0.00000,0.03333,0,0,,0
267,8.866667,30.000,1,356.000,109.000,354.261,108.014,135.857,1.414,5.00000,-3.75000,26.326,TRACKING,0.48683,0.74259,0.94416,0.00000,0.03333,0,0,,0
268,8.900000,30.000,1,354.000,108.000,352.226,107.069,136.308,1.000,5.00000,-3.75000,26.343,TRACKING,0.48683,0.73923,0.94418,0.00000,0.03333,0,0,,0
269,8.933333,30.000,1,352.000,108.000,350.161,107.211,135.823,1.000,5.00000,-3.75000,26.325,TRACKING,0.48683,0.73924,0.94418,0.00000,0.03333,0,0,,0
270,8.966667,30.000,1,351.000,107.000,349.229,106.228,136.565,1.000,5.00000,-3.75000,26.343,TRACKING,0.48683,0.74185,0.94422,0.00000,0.03333,0,0,,0
271,9.000000,30.000,1,350.000,107.000,348.742,106.718,136.341,2.236,5.00000,-3.75000,26.320,TRACKING,0.48683,0.74217,0.94436,0.00000,0.03333,0,0,,0
272,9.033333,30.000,1,348.000,106.000,346.316,105.287,136.894,1.000,5.00000,-3.75000,26.337,TRACKING,0.48683,0.73695,0.94439,0.00000,0.03333,0,0,,0
273,9.066667,30.000,1,347.000,106.000,345.768,105.743,136.693,2.000,5.00000,-3.75000,26.352,TRACKING,0.48683,0.74070,0.94440,0.00000,0.03333,0,0,,0
274,9.100000,30.000,1,345.000,106.000,343.709,105.825,136.312,2.236,5.00000,-3.75000,26.332,TRACKING,0.48683,0.73677,0.94440,0.00000,0.03333,0,0,,0
275,9.133333,30.000,1,343.000,105.000,341.214,104.767,136.945,1.000,5.00000,-3.75000,26.354,TRACKING,0.48683,0.73405,0.94440,0.00000,0.03333,0,0,,0
276,9.166667,30.000,1,342.000,105.000,340.258,104.793,136.781,2.236,5.00000,-3.75000,26.331,TRACKING,0.48683,0.73937,0.94440,0.00000,0.03333,0,0,,0
277,9.200000,30.000,1,340.000,105.000,338.220,104.851,136.473,2.236,5.00000,-3.75000,26.349,TRACKING,0.48683,0.73873,0.94404,0.00000,0.03333,0,0,,0
278,9.233333,30.000,1,338.000,105.000,336.154,104.909,136.195,1.414,5.00000,-3.75000,26.327,TRACKING,0.48683,0.73726,0.94404,0.00000,0.03333,0,0,,0
279,9.266667,30.000,1,337.000,105.000,335.224,104.956,136.066,2.828,5.00000,-3.75000,26.347,TRACKING,0.48683,0.74280,0.94404,0.00000,0.03333,0,0,,0
280,9.300000,30.000,1,335.000,104.000,333.205,103.853,136.825,2.236,5.00000,-3.75000,26.361,TRACKING,0.48683,0.73654,0.94407,0.00000,0.03333,0,0,,0
281,9.333333,30.000,1,333.000,104.000,331.151,103.840,136.620,1.414,5.00000,-3.75000,26.335,TRACKING,0.48683,0.73580,0.94407,0.00000,0.03333,0,0,,0
282,9.366667,30.000,1,332.000,104.000,330.227,103.870,136.528,2.828,5.00000,-3.75000,26.353,TRACKING,0.48683,0.74074,0.94407,0.00000,0.03333,0,0,,0
283,9.400000,30.000,1,330.000,103.000,328.210,102.778,137.364,2.236,5.00000,-3.75000,26.368,TRACKING,0.48683,0.73651,0.94407,0.00000,0.03333,0,0,,0
284,9.433333,30.000,1,328.000,103.000,326.156,102.787,137.233,1.414,5.00000,-3.75000,26.344,TRACKING,0.48683,0.73586,0.94407,0.00000,0.03333,0,0,,0
285,9.466667,30.000,1,327.000,103.000,325.231,102.838,137.179,2.236,5.00000,-3.75000,26.362,TRACKING,0.48683,0.74075,0.94407,0.00000,0.03333,0,0,,0
286,9.500000,30.000,1,325.000,103.000,323.213,102.897,137.091,2.236,5.00000,-3.75000,26.340,TRACKING,0.48683,0.73762,0.94407,0.00000,0.03333,0,0,,0
287,9.533333,30.000,1,323.000,103.000,321.157,102.946,137.033,2.236,5.00000,-3.75000,26.356,TRACKING,0.48683,0.73619,0.94408,0.00000,0.03333,0,0,,0
288,9.566667,30.000,1,322.000,102.000,320.231,101.846,138.014,2.236,5.00000,-3.75000,26.371,TRACKING,0.48683,0.73932,0.94409,0.00000,0.03333,0,0,,0
289,9.600000,30.000,1,320.000,101.000,318.213,100.703,139.000,2.000,4.98324,-3.75000,26.351,TRACKING,0.48683,0.73725,0.94426,0.00000,0.03333,0,0,,0
290,9.633333,30.000,1,318.000,101.000,316.157,100.705,139.004,1.000,4.94721,-3.75000,26.365,TRACKING,0.48683,0.73936,0.94423,0.00000,0.03333,0,0,,0
291,9.666667,30.000,1,318.000,101.000,315.364,100.772,139.008,3.000,4.90375,-3.75000,26.346,TRACKING,0.48683,0.74566,0.94433,0.00000,0.03333,0,0,,0
292,9.700000,30.000,1,316.000,101.000,314.375,100.852,139.014,3.162,4.85102,-3.75000,26.365,TRACKING,0.48683,0.73971,0.94433,0.00000,0.03333,0,0,,0
293,9.733333,30.000,1,314.000,100.000,312.297,99.787,140.032,2.000,4.77881,-3.75000,26.343,TRACKING,0.48683,0.73524,0.94426,0.00000,0.03333,0,0,,0
294,9.766667,30.000,1,312.000,100.000,310.196,99.806,140.057,2.000,4.68689,-3.75000,26.363,TRACKING,0.48683,0.73796,0.94424,0.00000,0.03333,0,0,,0
295,9.800000,30.000,1,310.000,100.000,308.108,99.857,140.089,2.000,4.57540,-3.75000,26.375,TRACKING,0.48683,0.73786,0.94429,0.00000,0.03333,0,0,,0
296,9.833333,30.000,1,308.000,100.000,306.044,99.912,140.129,1.000,4.44457,-3.75000,26.357,TRACKING,0.48683,0.73816,0.94433,0.00000,0.03333,0,0,,0
297,9.866667,30.000,1,307.000,100.000,305.140,99.956,140.151,2.000,4.30525,-3.75000,26.369,TRACKING,0.48683,0.74378,0.94432,0.00000,0.03333,0,0,,0
298,9.900000,30.000,1,305.000,100.000,303.151,99.985,140.201,2.000,4.14730,-3.75000,26.349,TRACKING,0.48683,0.74132,0.94432,0.00000,0.03333,0,0,,0
299,9.933333,30.000,1,303.000,100.000,301.123,100.001,140.258,1.000,3.98063,-3.75000,26.349,TRACKING,0.48683,0.73982,0.94431,0.00000,0.03333,0,0,,0
300,9.966667,30.000,1,302.000,100.000,300.216,100.008,140.289,2.000,3.81396,-3.75000,26.340,TRACKING,0.48683,0.74457,0.94431,0.00000,0.03333,0,0,,0
301,10.000000,30.000,1,301.000,101.000,299.743,101.143,139.324,0.000,3.64730,-3.75000,26.356,TRACKING,0.48683,0.74063,0.94408,0.00000,0.03333,0,0,,0
302,10.033333,30.000,1,302.000,102.000,300.123,101.304,139.324,1.000,3.48063,-3.75000,26.333,TRACKING,0.48683,0.73707,0.94407,0.00000,0.03333,0,0,,0
303,10.066667,30.000,1,304.000,103.000,301.665,103.842,137.295,0.000,3.31396,-3.75000,26.353,TRACKING,0.48683,0.72911,0.94407,0.00000,0.03333,0,0,,0
304,10.100000,30.000,1,305.000,103.000,304.824,103.805,137.233,1.414,3.17169,-3.75000,26.371,TRACKING,0.48683,0.73038,0.94414,0.00000,0.03333,0,0,,0
305,10.133333,30.000,1,307.000,104.000,307.157,104.832,136.180,1.000,3.05128,-3.75000,26.351,TRACKING,0.48683,0.72790,0.94414,0.00000,0.03333,0,0,,0
306,10.166667,30.000,1,308.000,105.000,309.269,105.881,135.133,1.414,2.95069,-3.75000,26.368,TRACKING,0.48683,0.73282,0.94414,0.00000,0.03333,0,0,,0
307,10.200000,30.000,1,310.000,106.000,311.793,106.929,134.093,1.000,2.87374,-3.75000,26.351,TRACKING,0.48683,0.73156,0.94412,0.00000,0.03333,0,0,,0
308,10.233333,30.000,1,311.000,107.000,312.361,107.967,133.076,1.000,2.80213,-3.75000,26.365,TRACKING,0.48683,0.73751,0.94413,0.00000,0.03333,0,0,,0
309,10.266667,30.000,1,313.000,107.000,314.799,107.857,133.046,1.000,2.75337,-3.75000,26.343,TRACKING,0.48683,0.73826,0.94411,0.00000,0.03333,0,0,,0
310,10.300000,30.000,1,314.000,108.000,315.328,108.840,132.034,1.414,2.70957,-3.75000,26.353,TRACKING,0.48683,0.74175,0.94411,0.00000,0.03333,0,0,,0
311,10.333333,30.000,1,316.000,109.000,317.757,109.868,131.020,1.000,2.68854,-3.75000,26.341,TRACKING,0.48683,0.73790,0.94411,0.00000,0.03333,0,0,,0
312,10.366667,30.000,1,317.000,110.000,318.290,110.910,130.011,1.000,2.67251,-3.75000,26.354,TRACKING,0.48683,0.74045,0.94411,0.00000,0.03333,0,0,,0
313,10.400000,30.000,1,317.000,111.000,319.063,111.949,129.007,2.236,2.66372,-3.75000,26.371,TRACKING,0.48683,0.74328,0.94424,0.00000,0.03333,0,0,,0
314,10.433333,30.000,1,319.000,112.000,320.081,112.977,128.004,1.414,2.66372,-3.75000,26.350,TRACKING,0.48683,0.74179,0.94427,0.00000,0.03333,0,0,,0
315,10.466667,30.000,1,320.000,113.000,321.071,113.995,127.000,2.236,2.67376,-3.75000,26.364,TRACKING,0.48683,0.74235,0.94417,0.00000,0.03333,0,0,,0
316,10.500000,30.000,1,322.000,114.000,323.184,115.004,126.004,1.414,2.70362,-3.75000,26.347,TRACKING,0.48683,0.73879,0.94420,0.00000,0.03333,0,0,,0
317,10.533333,30.000,1,323.000,115.000,324.194,116.007,125.009,1.414,2.74293,-3.75000,26.362,TRACKING,0.48683,0.74150,0.94420,0.00000,0.03333,0,0,,0
318,10.566667,30.000,1,324.000,116.000,325.155,117.007,124.016,2.236,2.79126,-3.75000,26.342,TRACKING,0.48683,0.74286,0.94420,0.00000,0.03333,0,0,,0
319,10.600000,30.000,1,326.000,117.000,327.236,118.005,123.037,1.414,2.85910,-3.75000,26.358,TRACKING,0.48683,0.73916,0.94421,0.00000,0.03333,0,0,,0
320,10.633333,30.000,1,327.000,118.000,328.220,119.003,122.050,1.414,2.93616,-3.75000,26.338,TRACKING,0.48683,0.74194,0.94421,0.00000,0.03333,0,0,,0
321,10.666667,30.000,1,327.000,119.000,329.031,120.002,121.066,3.162,3.02083,-3.75000,26.351,TRACKING,0.48683,0.74298,0.94424,0.00000,0.03333,0,0,,0
322,10.700000,30.000,1,329.000,120.000,330.073,121.001,120.084,2.236,3.11526,-3.75000,26.367,TRACKING,0.48683,0.73748,0.94424,0.00000,0.03333,0,0,,0
323,10.733333,30.000,1,331.000,121.000,332.609,122.000,119.127,1.000,3.23347,-3.75000,26.347,TRACKING,0.48683,0.73807,0.94422,0.00000,0.03333,0,0,,0
324,10.766667,30.000,1,332.000,121.000,333.223,121.866,119.151,2.236,3.35743,-3.75000,26.364,TRACKING,0.48683,0.74308,0.94422,0.00000,0.03333,0,0,,0
325,10.800000,30.000,1,334.000,123.000,335.713,123.970,117.209,1.000,3.50474,-3.75000,26.343,TRACKING,0.48683,0.73770,0.94425,0.00000,0.03333,0,0,,0
326,10.833333,30.000,1,335.000,123.000,336.683,123.889,117.240,1.414,3.66115,-3.75000,26.354,TRACKING,0.48683,0.74285,0.94431,0.00000,0.03333,0,0,,0
327,10.866667,30.000,1,336.000,124.000,337.207,124.878,116.276,2.236,3.82247,-3.75000,26.342,TRACKING,0.48683,0.74242,0.94431,0.00000,0.03333,0,0,,0
328,10.900000,30.000,1,338.000,125.000,339.261,125.900,115.352,1.414,3.98913,-3.75000,26.354,TRACKING,0.48683,0.73690,0.94433,0.00000,0.03333,0,0,,0
329,10.933333,30.000,1,339.000,126.000,340.227,126.932,114.395,1.414,4.15580,-3.75000,26.367,TRACKING,0.48683,0.73868,0.94433,0.00000,0.03333,0,0,,0
330,10.966667,30.000,1,340.000,127.000,341.161,127.961,113.442,1.414,4.32247,-3.75000,26.349,TRACKING,0.48683,0.73930,0.94431,0.00000,0.03333,0,0,,0
331,11.000000,30.000,1,341.000,128.000,342.096,128.983,112.491,1.414,4.48913,-3.75000,26.365,TRACKING,0.48683,0.73943,0.94434,0.00000,0.03333,0,0,,0
332,11.033333,30.000,1,342.000,129.000,343.046,129.996,111.544,1.414,4.65580,-3.75000,26.346,TRACKING,0.48683,0.73953,0.94434,0.00000,0.03333,0,0,,0
333,11.066667,30.000,1,343.000,130.000,344.013,131.003,110.600,2.236,4.82247,-3.75000,26.360,TRACKING,0.48683,0.73948,0.94434,0.00000,0.03333,0,0,,0
334,11.100000,30.000,1,345.000,131.000,346.129,132.005,109.714,1.414,4.98913,-3.75000,26.377,TRACKING,0.48683,0.73512,0.94434,0.00000,0.03333,0,0,,0
335,11.133333,30.000,1,346.000,132.000,347.152,133.005,110.885,1.414,5.00000,-3.75000,26.358,TRACKING,0.48683,0.73720,0.94434,0.00000,0.03333,0,0,,0
336,11.166667,30.000,1,347.000,133.000,348.128,134.004,110.354,1.414,5.00000,-3.75000,26.371,TRACKING,0.48683,0.73844,0.94433,0.00000,0.03333,0,0,,0
337,11.200000,30.000,1,347.000,132.000,348.956,133.736,110.603,3.606,5.00000,-3.75000,26.352,TRACKING,0.48683,0.74277,0.94416,0.00000,0.03333,0,0,,0
338,11.233333,30.000,1,348.000,133.000,348.889,133.675,110.603,2.828,5.00000,-3.75000,26.367,TRACKING,0.48683,0.74557,0.94416,0.00000,0.03333,0,0,,0
339,11.266667,30.000,1,349.000,133.000,349.884,133.587,110.860,3.606,5.00000,-3.75000,26.383,TRACKING,0.48683,0.74390,0.94416,0.00000,0.03333,0,0,,0
340,11.300000,30.000,1,349.000,134.000,349.774,134.640,109.895,4.243,5.00000,-3.75000,26.367,TRACKING,0.48683,0.74323,0.94422,0.00000,0.03333,0,0,,0
341,11.333333,30.000,1,350.000,135.000,350.776,135.743,109.202,4.243,5.00000,-3.75000,26.380,TRACKING,0.48683,0.73904,0.94422,0.00000,0.03333,0,0,,0
342,11.366667,30.000,1,351.000,136.000,351.826,136.846,108.522,4.243,5.00000,-3.75000,26.362,TRACKING,0.48683,0.73700,0.94422,0.00000,0.03333,0,0,,0
343,11.400000,30.000,1,352.000,137.000,352.887,137.926,107.856,4.243,5.00000,-3.75000,26.376,TRACKING,0.48683,0.73636,0.94422,0.00000,0.03333,0,0,,0
344,11.433333,30.000,1,353.000,138.000,353.939,138.978,107.205,4.243,5.00000,-3.75000,26.389,TRACKING,0.48683,0.73648,0.94421,0.00000,0.03333,0,0,,0
345,11.466667,30.000,1,354.000,139.000,354.976,140.006,106.569,4.243,5.00000,-3.75000,26.370,TRACKING,0.48683,0.73692,0.94421,0.00000,0.03333,0,0,,0
346,11.500000,30.000,1,355.000,140.000,355.998,141.017,105.948,3.606,5.00000,-3.75000,26.384,TRACKING,0.48683,0.73740,0.94421,0.00000,0.03333,0,0,,0
347,11.533333,30.000,1,355.000,141.000,355.874,142.018,105.005,4.243,5.00000,-3.75000,26.366,TRACKING,0.48683,0.74138,0.94421,0.00000,0.03333,0,0,,0
348,11.566667,30.000,1,356.000,142.000,356.848,143.015,104.403,4.243,5.00000,-3.75000,26.381,TRACKING,0.48683,0.73989,0.94421,0.00000,0.03333,0,0,,0
349,11.600000,30.000,1,360.000,145.000,360.270,145.277,103.619,1.000,5.00000,-3.75000,26.393,TRACKING,0.48683,0.72274,0.94407,0.00000,0.03333,0,0,,0
350,11.633333,30.000,1,361.000,146.000,362.397,147.331,102.552,1.000,5.00000,-3.75000,26.374,TRACKING,0.48683,0.73225,0.94407,0.00000,0.03333,0,0,,0
351,11.666667,30.000,1,362.000,147.000,363.366,148.282,102.044,1.414,5.00000,-3.75000,26.388,TRACKING,0.48683,0.73827,0.94412,0.00000,0.03333,0,0,,0
352,11.700000,30.000,1,362.000,148.000,364.137,149.198,101.553,1.000,5.00000,-3.75000,26.372,TRACKING,0.48683,0.74236,0.94419,0.00000,0.03333,0,0,,0
353,11.733333,30.000,1,362.000,149.000,363.872,150.116,100.648,1.000,5.00000,-3.75000,26.383,TRACKING,0.48683,0.74303,0.94427,0.00000,0.03333,0,0,,0
354,11.766667,30.000,1,363.000,149.000,363.782,150.921,99.745,1.000,5.00000,-3.75000,26.368,TRACKING,0.48683,0.74539,0.94428,0.00000,0.03333,0,0,,0
355,11.800000,30.000,1,363.000,150.000,363.258,150.852,99.745,1.414,5.00000,-3.75000,26.382,TRACKING,0.48683,0.74484,0.94436,0.00000,0.03333,0,0,,0
356,11.833333,30.000,1,364.000,152.000,364.278,152.987,98.387,1.000,5.00000,-3.75000,26.394,TRACKING,0.48683,0.74025,0.94434,0.00000,0.03333,0,0,,0
357,11.866667,30.000,1,365.000,153.000,365.759,154.050,97.949,0.000,5.00000,-3.75000,26.377,TRACKING,0.48683,0.74002,0.94434,0.00000,0.03333,0,0,,0
358,11.900000,30.000,1,365.000,154.000,365.715,155.067,97.062,1.000,5.00000,-3.75000,26.393,TRACKING,0.48683,0.74378,0.94434,0.00000,0.03333,0,0,,0
359,11.933333,30.000,1,366.000,154.000,366.759,154.926,97.529,1.000,5.00000,-3.75000,26.368,TRACKING,0.48683,0.74161,0.94436,0.00000,0.03333,0,0,,0
360,11.966667,30.000,1,366.000,155.000,366.699,155.880,96.649,1.414,5.00000,-3.75000,26.354,TRACKING,0.48683,0.74297,0.94436,0.00000,0.03333,0,0,,0
361,12.000000,30.000,1,366.000,156.000,366.205,156.886,95.771,1.414,5.00000,-3.75000,26.362,TRACKING,0.48683,0.74341,0.94404,0.00000,0.03333,0,0,,0
362,12.033333,30.000,1,366.000,157.000,366.118,157.914,94.895,1.414,5.00000,-3.75000,26.355,TRACKING,0.48683,0.74236,0.94404,0.00000,0.03333,0,0,,0
363,12.066667,30.000,1,366.000,158.000,366.053,158.946,94.021,2.236,5.00000,-3.75000,26.365,TRACKING,0.48683,0.74198,0.94404,0.00000,0.03333,0,0,,0
364,12.100000,30.000,1,367.000,159.000,367.146,159.972,93.648,1.414,5.00000,-3.75000,26.347,TRACKING,0.48683,0.74235,0.94414,0.00000,0.03333,0,0,,0
365,12.133333,30.000,1,367.000,160.000,367.155,160.990,92.785,1.414,5.00000,-3.75000,26.360,TRACKING,0.48683,0.74423,0.94414,0.00000,0.03333,0,0,,0
366,12.166667,30.000,1,367.000,161.000,367.124,162.000,91.924,2.236,5.00000,-3.75000,26.372,TRACKING,0.48683,0.74496,0.94414,0.00000,0.03333,0,0,,0
367,12.200000,30.000,1,368.000,162.000,368.216,163.004,91.586,1.414,5.00000,-3.75000,26.356,TRACKING,0.48683,0.74205,0.94414,0.00000,0.03333,0,0,,0
368,12.233333,30.000,1,368.000,163.000,368.209,164.005,90.736,1.000,5.00000,-3.75000,26.372,TRACKING,0.48683,0.74435,0.94415,0.00000,0.03333,0,0,,0
369,12.266667,30.000,1,368.000,163.000,368.160,163.871,90.736,1.414,5.00000,-3.75000,26.354,TRACKING,0.48683,0.74632,0.94415,0.00000,0.03333,0,0,,0
370,12.300000,30.000,1,368.000,164.000,368.102,164.840,89.889,2.236,5.00000,-3.75000,26.368,TRACKING,0.48683,0.74770,0.94415,0.00000,0.03333,0,0,,0
371,12.333333,30.000,1,369.000,165.000,369.187,165.862,89.588,1.414,5.00000,-3.75000,26.377,TRACKING,0.48683,0.74265,0.94415,0.00000,0.03333,0,0,,0
372,12.366667,30.000,1,369.000,166.000,369.183,166.902,88.752,1.414,5.00000,-3.75000,26.364,TRACKING,0.48683,0.74395,0.94414,0.00000,0.03333,0,0,,0
373,12.400000,30.000,1,370.000,167.000,370.274,167.942,88.482,1.000,5.00000,-3.75000,26.375,TRACKING,0.48683,0.73991,0.94424,0.00000,0.03333,0,0,,0
374,12.433333,30.000,1,370.000,168.000,370.254,168.972,87.658,1.000,5.00000,-3.75000,26.359,TRACKING,0.48683,0.74315,0.94426,0.00000,0.03333,0,0,,0
375,12.466667,30.000,1,370.000,169.000,370.188,169.992,86.839,1.000,5.00000,-3.75000,26.372,TRACKING,0.48683,0.74447,0.94423,0.00000,0.03333,0,0,,0
376,12.500000,30.000,1,370.000,169.000,370.117,169.869,86.839,2.000,5.00000,-3.75000,26.384,TRACKING,0.48683,0.74587,0.94433,0.00000,0.03333,0,0,,0
377,12.533333,30.000,1,370.000,171.000,370.060,171.977,85.212,1.000,5.00000,-3.75000,26.366,TRACKING,0.48683,0.74215,0.94435,0.00000,0.03333,0,0,,0
378,12.566667,30.000,1,370.000,172.000,370.021,173.030,84.404,1.000,5.00000,-3.75000,26.371,TRACKING,0.48683,0.74339,0.94435,0.00000,0.03333,0,0,,0
379,12.600000,30.000,1,370.000,173.000,369.999,174.047,83.600,1.000,5.00000,-3.75000,26.363,TRACKING,0.48683,0.74443,0.94434,0.00000,0.03333,0,0,,0
380,12.633333,30.000,1,370.000,174.000,369.989,175.044,82.801,1.000,5.00000,-3.75000,26.375,TRACKING,0.48683,0.74497,0.94434,0.00000,0.03333,0,0,,0
381,12.666667,30.000,1,370.000,175.000,369.988,176.033,82.006,1.414,5.00000,-3.75000,26.386,TRACKING,0.48683,0.74520,0.94434,0.00000,0.03333,0,0,,0
382,12.700000,30.000,1,369.000,176.000,368.856,177.021,80.604,1.000,5.00000,-3.75000,26.370,TRACKING,0.48683,0.74398,0.94434,0.00000,0.03333,0,0,,0
383,12.733333,30.000,1,369.000,176.000,368.830,176.877,80.604,1.000,5.00000,-3.75000,26.382,TRACKING,0.48683,0.74647,0.94428,0.00000,0.03333,0,0,,0
384,12.766667,30.000,1,369.000,176.000,368.856,177.708,79.812,2.000,5.00000,-3.75000,26.391,TRACKING,0.48683,0.74743,0.94428,0.00000,0.03333,0,0,,0
385,12.800000,30.000,1,369.000,179.000,368.899,178.964,79.025,1.000,5.00000,-3.75000,26.376,TRACKING,0.48683,0.73678,0.94425,0.00000,0.03333,0,0,,0
386,12.833333,30.000,1,368.000,179.000,367.808,179.552,77.621,1.000,5.00000,-3.75000,26.386,TRACKING,0.48683,0.74187,0.94431,0.00000,0.03333,0,0,,0
387,12.866667,30.000,1,368.000,180.000,367.810,180.558,76.837,1.000,5.00000,-3.75000,26.397,TRACKING,0.48683,0.74150,0.94431,0.00000,0.03333,0,0,,0
388,12.900000,30.000,1,368.000,181.000,367.853,181.970,76.059,1.414,5.00000,-3.75000,26.384,TRACKING,0.48683,0.74077,0.94431,0.00000,0.03333,0,0,,0
389,12.933333,30.000,1,367.000,182.000,366.771,182.982,74.653,1.000,5.00000,-3.75000,26.396,TRACKING,0.48683,0.74088,0.94431,0.00000,0.03333,0,0,,0
390,12.966667,30.000,1,367.000,183.000,366.786,183.991,73.878,1.000,5.00000,-3.75000,26.380,TRACKING,0.48683,0.74105,0.94431,0.00000,0.03333,0,0,,0
391,13.000000,30.000,1,368.000,184.000,366.973,184.997,73.110,2.236,5.00000,-3.75000,26.392,TRACKING,0.48683,0.73957,0.94433,0.00000,0.03333,0,0,,0
392,13.033333,30.000,1,367.000,186.000,366.929,187.134,71.589,1.000,5.00000,-3.75000,26.375,TRACKING,0.48683,0.73914,0.94437,0.00000,0.03333,0,0,,0
393,13.066667,30.000,1,367.000,187.000,366.925,188.165,70.838,2.000,5.00000,-3.75000,26.388,TRACKING,0.48683,0.74162,0.94432,0.00000,0.03333,0,0,,0
394,13.100000,30.000,1,366.000,188.000,365.807,189.142,69.426,1.000,5.00000,-3.75000,26.399,TRACKING,0.48683,0.74015,0.94432,0.00000,0.03333,0,0,,0
395,13.133333,30.000,1,366.000,189.000,365.797,190.100,68.680,2.000,5.00000,-3.75000,26.388,TRACKING,0.48683,0.74345,0.94435,0.00000,0.03333,0,0,,0
396,13.166667,30.000,1,366.000,189.000,365.838,190.926,67.941,3.162,5.00000,-3.75000,26.398,TRACKING,0.48683,0.74645,0.94446,0.00000,0.03333,0,0,,0
397,13.200000,30.000,1,364.000,188.000,364.625,189.598,68.015,3.162,5.00000,-3.75000,26.384,TRACKING,0.48683,0.73399,0.94416,0.00000,0.03333,0,0,,0
398,13.233333,30.000,1,364.000,189.000,363.614,189.542,67.357,2.828,5.00000,-3.75000,26.394,TRACKING,0.48683,0.74314,0.94418,0.00000,0.03333,0,0,,0
399,13.266667,30.000,1,363.000,189.000,362.562,189.085,66.708,3.606,5.00000,-3.75000,26.382,TRACKING,0.48683,0.74247,0.94418,0.00000,0.03333,0,0,,0
400,13.300000,30.000,1,362.000,190.000,361.102,190.175,65.299,3.162,5.00000,-3.75000,26.394,TRACKING,0.48683,0.73995,0.94418,0.00000,0.03333,0,0,,0
401,13.333333,30.000,1,362.000,191.000,361.187,191.709,64.537,3.606,5.00000,-3.75000,26.380,TRACKING,0.48683,0.74050,0.94418,0.00000,0.03333,0,0,,0
402,13.366667,30.000,1,361.000,192.000,360.183,192.833,63.127,3.606,5.00000,-3.75000,26.395,TRACKING,0.48683,0.73882,0.94418,0.00000,0.03333,0,0,,0
403,13.400000,30.000,1,360.000,193.000,359.140,193.925,61.717,3.606,5.00000,-3.75000,26.403,TRACKING,0.48683,0.73816,0.94418,0.00000,0.03333,0,0,,0
404,13.433333,30.000,1,359.000,194.000,358.090,194.983,60.308,3.606,5.00000,-3.75000,26.387,TRACKING,0.48683,0.73820,0.94418,0.00000,0.03333,0,0,,0
405,13.466667,30.000,1,358.000,195.000,357.048,196.012,58.898,3.162,5.00000,-3.75000,26.397,TRACKING,0.48683,0.73847,0.94416,0.00000,0.03333,0,0,,0
406,13.500000,30.000,1,358.000,196.000,357.152,197.023,58.138,3.606,5.00000,-3.75000,26.383,TRACKING,0.48683,0.74117,0.94416,0.00000,0.03333,0,0,,0
407,13.533333,30.000,1,357.000,197.000,356.164,198.022,56.727,3.606,5.00000,-3.75000,26.394,TRACKING,0.48683,0.74000,0.94416,0.00000,0.03333,0,0,,0
408,13.566667,30.000,1,356.000,198.000,355.133,199.017,55.317,3.606,5.00000,-3.75000,26.383,TRACKING,0.48683,0.73955,0.94416,0.00000,0.03333,0,0,,0
409,13.600000,30.000,1,354.000,201.000,353.957,201.278,53.151,1.414,5.00000,-3.75000,26.392,TRACKING,0.48683,0.72750,0.94426,0.00000,0.03333,0,0,,0
410,13.633333,30.000,1,353.000,202.000,351.888,203.332,50.329,1.414,5.00000,-3.75000,26.402,TRACKING,0.48683,0.73388,0.94426,0.00000,0.03333,0,0,,0
411,13.666667,30.000,1,352.000,203.000,350.882,204.282,48.918,1.414,5.00000,-3.75000,26.387,TRACKING,0.48683,0.73981,0.94429,0.00000,0.03333,0,0,,0
412,13.700000,30.000,1,351.000,204.000,349.906,205.197,47.508,1.414,5.00000,-3.75000,26.397,TRACKING,0.48683,0.74164,0.94431,0.00000,0.03333,0,0,,0
413,13.733333,30.000,1,350.000,205.000,348.937,206.116,46.098,1.000,5.00000,-3.75000,26.407,TRACKING,0.48683,0.74247,0.94431,0.00000,0.03333,0,0,,0
414,13.766667,30.000,1,350.000,205.000,348.098,206.921,44.688,2.236,5.00000,-3.75000,26.392,TRACKING,0.48683,0.74494,0.94430,0.00000,0.03333,0,0,,0
415,13.800000,30.000,1,349.000,206.000,348.148,206.851,44.688,2.236,5.00000,-3.75000,26.402,TRACKING,0.48683,0.74480,0.94430,0.00000,0.03333,0,0,,0
416,13.833333,30.000,1,348.000,207.000,347.137,207.854,43.278,2.236,5.00000,-3.75000,26.388,TRACKING,0.48683,0.74210,0.94430,0.00000,0.03333,0,0,,0
417,13.866667,30.000,1,347.000,207.000,346.102,207.754,42.638,2.828,5.00000,-3.75000,26.398,TRACKING,0.48683,0.74296,0.94445,0.00000,0.03333,0,0,,0
418,13.900000,30.000,1,346.000,208.000,345.064,208.764,41.231,3.606,5.00000,-3.75000,26.385,TRACKING,0.48683,0.74244,0.94445,0.00000,0.03333,0,0,,0
419,13.933333,30.000,1,344.000,209.000,343.899,209.821,39.825,2.828,5.00000,-3.75000,26.396,TRACKING,0.48683,0.73658,0.94445,0.00000,0.03333,0,0,,0
420,13.966667,30.000,1,343.000,210.000,341.848,210.886,37.802,2.828,5.00000,-3.75000,26.398,TRACKING,0.48683,0.73911,0.94442,0.00000,0.03333,0,0,,0
421,14.000000,30.000,1,344.000,211.000,342.126,211.940,37.014,4.472,5.00000,-3.75000,26.392,TRACKING,0.48683,0.73924,0.94403,0.00000,0.03333,0,0,,0
422,14.033333,30.000,1,342.000,212.000,341.088,212.978,35.609,3.606,5.00000,-3.75000,26.405,TRACKING,0.48683,0.73857,0.94410,0.00000,0.03333,0,0,,0
423,14.066667,30.000,1,340.000,214.000,339.519,214.133,34.205,2.236,5.00000,-3.75000,26.389,TRACKING,0.48683,0.73211,0.94409,0.00000,0.03333,0,0,,0
424,14.100000,30.000,1,339.000,215.000,337.861,216.172,31.401,3.162,5.00000,-3.75000,26.398,TRACKING,0.48683,0.73646,0.94409,0.00000,0.03333,0,0,,0
425,14.133333,30.000,1,337.000,216.000,335.333,217.151,29.411,2.236,5.00000,-3.75000,26.385,TRACKING,0.48683,0.73463,0.94409,0.00000,0.03333,0,0,,0
426,14.166667,30.000,1,334.000,216.000,333.069,217.975,27.459,2.000,5.00000,-3.75000,26.391,TRACKING,0.48683,0.73049,0.94420,0.00000,0.03333,0,0,,0
427,14.200000,30.000,1,333.000,217.000,331.069,217.902,26.420,2.236,5.00000,-3.75000,26.383,TRACKING,0.48683,0.73965,0.94418,0.00000,0.03333,0,0,,0
428,14.233333,30.000,1,331.000,218.000,329.054,218.892,24.597,1.000,5.00000,-3.75000,26.394,TRACKING,0.48683,0.73959,0.94419,0.00000,0.03333,0,0,,0
429,14.266667,30.000,1,330.000,218.000,328.169,218.778,24.166,2.000,5.00000,-3.75000,26.380,TRACKING,0.48683,0.74489,0.94419,0.00000,0.03333,0,0,,0
430,14.300000,30.000,1,329.000,219.000,327.716,219.776,22.847,2.236,5.00000,-3.75000,26.382,TRACKING,0.48683,0.74571,0.94419,0.00000,0.03333,0,0,,0
431,14.333333,30.000,1,327.000,220.000,325.711,220.826,21.190,2.000,5.00000,-3.75000,26.377,TRACKING,0.48683,0.74086,0.94419,0.00000,0.03333,0,0,,0
432,14.366667,30.000,1,327.000,221.000,324.906,221.886,19.925,2.236,5.00000,-3.75000,26.387,TRACKING,0.48683,0.74159,0.94419,0.00000,0.03333,0,0,,0
433,14.400000,30.000,1,326.000,224.000,325.014,224.205,18.028,2.000,5.00000,-3.75000,26.372,TRACKING,0.48683,0.73271,0.94411,0.00000,0.03333,0,0,,0
434,14.433333,30.000,1,324.000,225.000,322.925,226.301,15.524,1.000,5.00000,-3.75000,26.383,TRACKING,0.48683,0.73483,0.94411,0.00000,0.03333,0,0,,0
435,14.466667,30.000,1,323.000,226.000,321.903,227.277,14.318,1.000,5.00000,-3.75000,26.394,TRACKING,0.48683,0.73909,0.94419,0.00000,0.03333,0,0,,0
436,14.500000,30.000,1,322.000,227.000,320.914,228.205,13.153,2.000,5.00000,-3.75000,26.380,TRACKING,0.48683,0.74155,0.94421,0.00000,0.03333,0,0,,0
437,14.533333,30.000,1,320.000,228.000,318.805,229.127,12.000,1.000,4.98880,-3.75000,26.382,TRACKING,0.48683,0.73650,0.94434,0.00000,0.03333,0,0,,0
438,14.566667,30.000,1,319.000,229.000,317.800,230.064,11.011,2.000,4.96817,-3.75000,26.379,TRACKING,0.48683,0.73970,0.94434,0.00000,0.03333,0,0,,0
439,14.600000,30.000,1,317.000,230.000,315.709,231.022,10.112,1.000,4.92794,-3.75000,26.390,TRACKING,0.48683,0.73618,0.94434,0.00000,0.03333,0,0,,0
440,14.633333,30.000,1,316.000,231.000,314.733,231.998,9.220,1.000,4.87856,-3.75000,26.374,TRACKING,0.48683,0.74045,0.94436,0.00000,0.03333,0,0,,0
441,14.666667,30.000,1,315.000,231.000,313.803,231.855,9.341,2.236,4.82046,-3.75000,26.383,TRACKING,0.48683,0.74300,0.94432,0.00000,0.03333,0,0,,0
442,14.700000,30.000,1,313.000,232.000,311.745,232.823,8.732,1.414,4.74307,-3.75000,26.395,TRACKING,0.48683,0.73739,0.94432,0.00000,0.03333,0,0,,0
443,14.733333,30.000,1,312.000,233.000,310.775,233.849,8.062,2.000,4.65659,-3.75000,26.380,TRACKING,0.48683,0.73859,0.94432,0.00000,0.03333,0,0,,0
444,14.766667,30.000,1,310.000,233.000,308.706,233.760,8.602,1.414,4.55071,-3.75000,26.390,TRACKING,0.48683,0.73773,0.94433,0.00000,0.03333,0,0,,0
445,14.800000,30.000,1,311.000,232.000,309.007,233.107,8.602,5.000,4.44764,-3.75000,26.376,TRACKING,0.48683,0.73874,0.94432,0.00000,0.03333,0,0,,0
446,14.833333,30.000,1,309.000,233.000,307.606,233.505,8.902,4.243,4.33145,-3.75000,26.388,TRACKING,0.48683,0.74154,0.94430,0.00000,0.03333,0,0,,0
447,14.866667,30.000,1,308.000,234.000,307.004,234.613,8.485,5.000,4.20961,-3.75000,26.374,TRACKING,0.48683,0.73695,0.94430,0.00000,0.03333,0,0,,0
448,14.900000,30.000,1,305.000,236.000,304.336,235.881,8.602,2.828,4.06276,-3.75000,26.384,TRACKING,0.48683,0.73109,0.94431,0.00000,0.03333,0,0,,0
449,14.933333,30.000,1,304.000,237.000,302.675,238.026,8.544,3.606,3.90034,-3.75000,26.391,TRACKING,0.48683,0.73714,0.94431,0.00000,0.03333,0,0,,1
450,14.966667,30.000,1,302.000,238.000,300.187,239.085,9.220,,3.73367,-3.75000,26.381,TRACKING,0.48683,0.73727,0.94431,0.00000,0.03333,0,0,,1
